document,year,region,amount_in_source_units,unit_in_source,amount_thous_rub,note
RP_2012-08-02_N1410-r_raspredelenie_2012,2012,Республика Адыгея,125755000.0,рублей,125755.0,
RP_2012-08-02_N1410-r_raspredelenie_2012,2012,Республика Алтай,243531000.0,рублей,243531.0,
RP_2012-08-02_N1410-r_raspredelenie_2012,2012,Республика Башкортостан,361861000.0,рублей,361861.0,
RP_2012-08-02_N1410-r_raspredelenie_2012,2012,Республика Бурятия,262100500.0,рублей,262100.5,
RP_2012-08-02_N1410-r_raspredelenie_2012,2012,Республика Дагестан,268645000.0,рублей,268645.0,
RP_2012-08-02_N1410-r_raspredelenie_2012,2012,Республика Ингушетия,229271000.0,рублей,229271.0,
RP_2012-08-02_N1410-r_raspredelenie_2012,2012,Кабардино-Балкарская Республика,123875000.0,рублей,123875.0,
RP_2012-08-02_N1410-r_raspredelenie_2012,2012,Республика Калмыкия,58450000.0,рублей,58450.0,
RP_2012-08-02_N1410-r_raspredelenie_2012,2012,Карачаево-Черкесская Республика,76596000.0,рублей,76596.0,
RP_2012-08-02_N1410-r_raspredelenie_2012,2012,Республика Карелия,169378000.0,рублей,169378.0,
RP_2012-08-02_N1410-r_raspredelenie_2012,2012,Республика Коми,56611000.0,рублей,56611.0,
RP_2012-08-02_N1410-r_raspredelenie_2012,2012,Республика Марий Эл,76905500.0,рублей,76905.5,
RP_2012-08-02_N1410-r_raspredelenie_2012,2012,Республика Мордовия,120547000.0,рублей,120547.0,
RP_2012-08-02_N1410-r_raspredelenie_2012,2012,Республика Саха (Якутия),245050000.0,рублей,245050.0,
RP_2012-08-02_N1410-r_raspredelenie_2012,2012,Республика Северная Осетия - Алания,158535000.0,рублей,158535.0,
RP_2012-08-02_N1410-r_raspredelenie_2012,2012,Республика Татарстан,585303000.0,рублей,585303.0,
RP_2012-08-02_N1410-r_raspredelenie_2012,2012,Республика Тыва,49286000.0,рублей,49286.0,
RP_2012-08-02_N1410-r_raspredelenie_2012,2012,Удмуртская Республика,417511000.0,рублей,417511.0,
RP_2012-08-02_N1410-r_raspredelenie_2012,2012,Республика Хакасия,80000000.0,рублей,80000.0,
RP_2012-08-02_N1410-r_raspredelenie_2012,2012,Чеченская Республика,358080000.0,рублей,358080.0,
RP_2012-08-02_N1410-r_raspredelenie_2012,2012,Чувашская Республика,265007304.0,рублей,265007.304,
RP_2012-08-02_N1410-r_raspredelenie_2012,2012,Алтайский край,318400000.0,рублей,318400.0,
RP_2012-08-02_N1410-r_raspredelenie_2012,2012,Забайкальский край,200434000.0,рублей,200434.0,
RP_2012-08-02_N1410-r_raspredelenie_2012,2012,Камчатский край,59957000.0,рублей,59957.0,
RP_2012-08-02_N1410-r_raspredelenie_2012,2012,Краснодарский край,644776358.0,рублей,644776.358,
RP_2012-08-02_N1410-r_raspredelenie_2012,2012,Красноярский край,359729000.0,рублей,359729.0,
RP_2012-08-02_N1410-r_raspredelenie_2012,2012,Пермский край,476221000.0,рублей,476221.0,
RP_2012-08-02_N1410-r_raspredelenie_2012,2012,Приморский край,258836128.0,рублей,258836.128,
RP_2012-08-02_N1410-r_raspredelenie_2012,2012,Ставропольский край,321285000.0,рублей,321285.0,
RP_2012-08-02_N1410-r_raspredelenie_2012,2012,Хабаровский край,185051000.0,рублей,185051.0,
RP_2012-08-02_N1410-r_raspredelenie_2012,2012,Амурская область,163331600.0,рублей,163331.6,
RP_2012-08-02_N1410-r_raspredelenie_2012,2012,Архангельская область,244168000.0,рублей,244168.0,
RP_2012-08-02_N1410-r_raspredelenie_2012,2012,Астраханская область,138749000.0,рублей,138749.0,
RP_2012-08-02_N1410-r_raspredelenie_2012,2012,Белгородская область,335644896.0,рублей,335644.896,
RP_2012-08-02_N1410-r_raspredelenie_2012,2012,Брянская область,285521000.0,рублей,285521.0,
RP_2012-08-02_N1410-r_raspredelenie_2012,2012,Владимирская область,216134000.0,рублей,216134.0,
RP_2012-08-02_N1410-r_raspredelenie_2012,2012,Волгоградская область,159200000.0,рублей,159200.0,
RP_2012-08-02_N1410-r_raspredelenie_2012,2012,Вологодская область,74000000.0,рублей,74000.0,
RP_2012-08-02_N1410-r_raspredelenie_2012,2012,Воронежская область,371397500.0,рублей,371397.5,
RP_2012-08-02_N1410-r_raspredelenie_2012,2012,Ивановская область,96786856.0,рублей,96786.856,
RP_2012-08-02_N1410-r_raspredelenie_2012,2012,Иркутская область,353045400.0,рублей,353045.4,
RP_2012-08-02_N1410-r_raspredelenie_2012,2012,Калининградская область,142292000.0,рублей,142292.0,
RP_2012-08-02_N1410-r_raspredelenie_2012,2012,Калужская область,163353987.0,рублей,163353.987,
RP_2012-08-02_N1410-r_raspredelenie_2012,2012,Кемеровская область,152723004.0,рублей,152723.004,
RP_2012-08-02_N1410-r_raspredelenie_2012,2012,Кировская область,213266000.0,рублей,213266.0,
RP_2012-08-02_N1410-r_raspredelenie_2012,2012,Костромская область,75200000.0,рублей,75200.0,
RP_2012-08-02_N1410-r_raspredelenie_2012,2012,Курганская область,111198000.0,рублей,111198.0,
RP_2012-08-02_N1410-r_raspredelenie_2012,2012,Курская область,66968000.0,рублей,66968.0,
RP_2012-08-02_N1410-r_raspredelenie_2012,2012,Ленинградская область,194849000.0,рублей,194849.0,
RP_2012-08-02_N1410-r_raspredelenie_2012,2012,Липецкая область,147457001.0,рублей,147457.001,
RP_2012-08-02_N1410-r_raspredelenie_2012,2012,Магаданская область,32785000.0,рублей,32785.0,
RP_2012-08-02_N1410-r_raspredelenie_2012,2012,Московская область,610870870.0,рублей,610870.87,
RP_2012-08-02_N1410-r_raspredelenie_2012,2012,Мурманская область,79000000.0,рублей,79000.0,
RP_2012-08-02_N1410-r_raspredelenie_2012,2012,Нижегородская область,435247508.0,рублей,435247.508,
RP_2012-08-02_N1410-r_raspredelenie_2012,2012,Новгородская область,74000000.0,рублей,74000.0,
RP_2012-08-02_N1410-r_raspredelenie_2012,2012,Новосибирская область,430285000.0,рублей,430285.0,
RP_2012-08-02_N1410-r_raspredelenie_2012,2012,Омская область,284434000.0,рублей,284434.0,
RP_2012-08-02_N1410-r_raspredelenie_2012,2012,Оренбургская область,168115000.0,рублей,168115.0,
RP_2012-08-02_N1410-r_raspredelenie_2012,2012,Орловская область,95780000.0,рублей,95780.0,
RP_2012-08-02_N1410-r_raspredelenie_2012,2012,Пензенская область,297567032.0,рублей,297567.032,
RP_2012-08-02_N1410-r_raspredelenie_2012,2012,Псковская область,81803000.0,рублей,81803.0,
RP_2012-08-02_N1410-r_raspredelenie_2012,2012,Ростовская область,596011000.0,рублей,596011.0,
RP_2012-08-02_N1410-r_raspredelenie_2012,2012,Рязанская область,271485000.0,рублей,271485.0,
RP_2012-08-02_N1410-r_raspredelenie_2012,2012,Самарская область,400880000.0,рублей,400880.0,
RP_2012-08-02_N1410-r_raspredelenie_2012,2012,Саратовская область,97412000.0,рублей,97412.0,
RP_2012-08-02_N1410-r_raspredelenie_2012,2012,Сахалинская область,40000000.0,рублей,40000.0,
RP_2012-08-02_N1410-r_raspredelenie_2012,2012,Свердловская область,548510775.0,рублей,548510.775,
RP_2012-08-02_N1410-r_raspredelenie_2012,2012,Смоленская область,280671000.0,рублей,280671.0,
RP_2012-08-02_N1410-r_raspredelenie_2012,2012,Тамбовская область,121000000.0,рублей,121000.0,
RP_2012-08-02_N1410-r_raspredelenie_2012,2012,Тверская область,159560000.0,рублей,159560.0,
RP_2012-08-02_N1410-r_raspredelenie_2012,2012,Томская область,188199000.0,рублей,188199.0,
RP_2012-08-02_N1410-r_raspredelenie_2012,2012,Тульская область,178696000.0,рублей,178696.0,
RP_2012-08-02_N1410-r_raspredelenie_2012,2012,Тюменская область,195729000.0,рублей,195729.0,
RP_2012-08-02_N1410-r_raspredelenie_2012,2012,Ульяновская область,117200000.0,рублей,117200.0,
RP_2012-08-02_N1410-r_raspredelenie_2012,2012,Челябинская область,138400000.0,рублей,138400.0,
RP_2012-08-02_N1410-r_raspredelenie_2012,2012,Ярославская область,199894281.0,рублей,199894.281,
RP_2012-08-02_N1410-r_raspredelenie_2012,2012,Город Москва,1411435500.0,рублей,1411435.5,
RP_2012-08-02_N1410-r_raspredelenie_2012,2012,Город Санкт-Петербург,260000000.0,рублей,260000.0,
RP_2012-08-02_N1410-r_raspredelenie_2012,2012,Еврейская автономная область,5461000.0,рублей,5461.0,
RP_2012-08-02_N1410-r_raspredelenie_2012,2012,Ханты-Мансийский автономный округ - Югра,213000000.0,рублей,213000.0,
RP_2012-08-02_N1410-r_raspredelenie_2012,2012,Чукотский автономный округ,16200000.0,рублей,16200.0,
RP_2012-08-02_N1410-r_raspredelenie_2012,2012,Ямало-Ненецкий автономный округ,108095000.0,рублей,108095.0,
RP_2012-08-02_N1410-r_raspredelenie_2012,2012,Всего,19000000000.0,рублей,19000000.0,
RP_2013-03-12_N328-r_raspredelenie_2013,2013,Республика Адыгея,68926.0,тыс. рублей,68926.0,
RP_2013-03-12_N328-r_raspredelenie_2013,2013,Республика Алтай,33168.0,тыс. рублей,33168.0,
RP_2013-03-12_N328-r_raspredelenie_2013,2013,Республика Башкортостан,415881.0,тыс. рублей,415881.0,
RP_2013-03-12_N328-r_raspredelenie_2013,2013,Республика Бурятия,121207.0,тыс. рублей,121207.0,
RP_2013-03-12_N328-r_raspredelenie_2013,2013,Республика Дагестан,234822.0,тыс. рублей,234822.0,
RP_2013-03-12_N328-r_raspredelenie_2013,2013,Республика Ингушетия,33461.0,тыс. рублей,33461.0,
RP_2013-03-12_N328-r_raspredelenie_2013,2013,Кабардино-Балкарская Республика,97854.0,тыс. рублей,97854.0,
RP_2013-03-12_N328-r_raspredelenie_2013,2013,Республика Калмыкия,41796.0,тыс. рублей,41796.0,
RP_2013-03-12_N328-r_raspredelenie_2013,2013,Карачаево-Черкесская Республика,57176.0,тыс. рублей,57176.0,
RP_2013-03-12_N328-r_raspredelenie_2013,2013,Республика Карелия,82365.0,тыс. рублей,82365.0,
RP_2013-03-12_N328-r_raspredelenie_2013,2013,Республика Коми,114847.0,тыс. рублей,114847.0,
RP_2013-03-12_N328-r_raspredelenie_2013,2013,Республика Марий Эл,70726.0,тыс. рублей,70726.0,
RP_2013-03-12_N328-r_raspredelenie_2013,2013,Республика Мордовия,79348.0,тыс. рублей,79348.0,
RP_2013-03-12_N328-r_raspredelenie_2013,2013,Республика Саха (Якутия),161553.0,тыс. рублей,161553.0,
RP_2013-03-12_N328-r_raspredelenie_2013,2013,Республика Северная Осетия - Алания,67875.0,тыс. рублей,67875.0,
RP_2013-03-12_N328-r_raspredelenie_2013,2013,Республика Татарстан,486302.0,тыс. рублей,486302.0,
RP_2013-03-12_N328-r_raspredelenie_2013,2013,Республика Тыва,35780.0,тыс. рублей,35780.0,
RP_2013-03-12_N328-r_raspredelenie_2013,2013,Удмуртская Республика,189608.0,тыс. рублей,189608.0,
RP_2013-03-12_N328-r_raspredelenie_2013,2013,Республика Хакасия,72260.0,тыс. рублей,72260.0,
RP_2013-03-12_N328-r_raspredelenie_2013,2013,Чеченская Республика,142597.0,тыс. рублей,142597.0,
RP_2013-03-12_N328-r_raspredelenie_2013,2013,Чувашская Республика,166989.0,тыс. рублей,166989.0,
RP_2013-03-12_N328-r_raspredelenie_2013,2013,Алтайский край,304509.0,тыс. рублей,304509.0,
RP_2013-03-12_N328-r_raspredelenie_2013,2013,Забайкальский край,117314.0,тыс. рублей,117314.0,
RP_2013-03-12_N328-r_raspredelenie_2013,2013,Камчатский край,55291.0,тыс. рублей,55291.0,
RP_2013-03-12_N328-r_raspredelenie_2013,2013,Краснодарский край,893503.0,тыс. рублей,893503.0,
RP_2013-03-12_N328-r_raspredelenie_2013,2013,Красноярский край,368601.0,тыс. рублей,368601.0,
RP_2013-03-12_N328-r_raspredelenie_2013,2013,Пермский край,370380.0,тыс. рублей,370380.0,
RP_2013-03-12_N328-r_raspredelenie_2013,2013,Приморский край,259522.0,тыс. рублей,259522.0,
RP_2013-03-12_N328-r_raspredelenie_2013,2013,Ставропольский край,372554.0,тыс. рублей,372554.0,
RP_2013-03-12_N328-r_raspredelenie_2013,2013,Хабаровский край,166324.0,тыс. рублей,166324.0,
RP_2013-03-12_N328-r_raspredelenie_2013,2013,Амурская область,92476.0,тыс. рублей,92476.0,
RP_2013-03-12_N328-r_raspredelenie_2013,2013,Архангельская область,143989.0,тыс. рублей,143989.0,
RP_2013-03-12_N328-r_raspredelenie_2013,2013,Астраханская область,127410.0,тыс. рублей,127410.0,
RP_2013-03-12_N328-r_raspredelenie_2013,2013,Белгородская область,215011.0,тыс. рублей,215011.0,
RP_2013-03-12_N328-r_raspredelenie_2013,2013,Брянская область,154408.0,тыс. рублей,154408.0,
RP_2013-03-12_N328-r_raspredelenie_2013,2013,Владимирская область,197976.0,тыс. рублей,197976.0,
RP_2013-03-12_N328-r_raspredelenie_2013,2013,Волгоградская область,297799.0,тыс. рублей,297799.0,
RP_2013-03-12_N328-r_raspredelenie_2013,2013,Вологодская область,156504.0,тыс. рублей,156504.0,
RP_2013-03-12_N328-r_raspredelenie_2013,2013,Воронежская область,243317.0,тыс. рублей,243317.0,
RP_2013-03-12_N328-r_raspredelenie_2013,2013,Ивановская область,138858.0,тыс. рублей,138858.0,
RP_2013-03-12_N328-r_raspredelenie_2013,2013,Иркутская область,294151.0,тыс. рублей,294151.0,
RP_2013-03-12_N328-r_raspredelenie_2013,2013,Калининградская область,162580.0,тыс. рублей,162580.0,
RP_2013-03-12_N328-r_raspredelenie_2013,2013,Калужская область,134721.0,тыс. рублей,134721.0,
RP_2013-03-12_N328-r_raspredelenie_2013,2013,Кемеровская область,277176.0,тыс. рублей,277176.0,
RP_2013-03-12_N328-r_raspredelenie_2013,2013,Кировская область,183994.0,тыс. рублей,183994.0,
RP_2013-03-12_N328-r_raspredelenie_2013,2013,Костромская область,84337.0,тыс. рублей,84337.0,
RP_2013-03-12_N328-r_raspredelenie_2013,2013,Курганская область,80659.0,тыс. рублей,80659.0,
RP_2013-03-12_N328-r_raspredelenie_2013,2013,Курская область,130185.0,тыс. рублей,130185.0,
RP_2013-03-12_N328-r_raspredelenie_2013,2013,Ленинградская область,175158.0,тыс. рублей,175158.0,
RP_2013-03-12_N328-r_raspredelenie_2013,2013,Липецкая область,137774.0,тыс. рублей,137774.0,
RP_2013-03-12_N328-r_raspredelenie_2013,2013,Магаданская область,30308.0,тыс. рублей,30308.0,
RP_2013-03-12_N328-r_raspredelenie_2013,2013,Московская область,806324.0,тыс. рублей,806324.0,
RP_2013-03-12_N328-r_raspredelenie_2013,2013,Мурманская область,79312.0,тыс. рублей,79312.0,
RP_2013-03-12_N328-r_raspredelenie_2013,2013,Нижегородская область,399975.0,тыс. рублей,399975.0,
RP_2013-03-12_N328-r_raspredelenie_2013,2013,Новгородская область,78043.0,тыс. рублей,78043.0,
RP_2013-03-12_N328-r_raspredelenie_2013,2013,Новосибирская область,415464.0,тыс. рублей,415464.0,
RP_2013-03-12_N328-r_raspredelenie_2013,2013,Омская область,245981.0,тыс. рублей,245981.0,
RP_2013-03-12_N328-r_raspredelenie_2013,2013,Оренбургская область,228972.0,тыс. рублей,228972.0,
RP_2013-03-12_N328-r_raspredelenie_2013,2013,Орловская область,86560.0,тыс. рублей,86560.0,
RP_2013-03-12_N328-r_raspredelenie_2013,2013,Пензенская область,163933.0,тыс. рублей,163933.0,
RP_2013-03-12_N328-r_raspredelenie_2013,2013,Псковская область,75374.0,тыс. рублей,75374.0,
RP_2013-03-12_N328-r_raspredelenie_2013,2013,Ростовская область,643844.0,тыс. рублей,643844.0,
RP_2013-03-12_N328-r_raspredelenie_2013,2013,Рязанская область,133223.0,тыс. рублей,133223.0,
RP_2013-03-12_N328-r_raspredelenie_2013,2013,Самарская область,372264.0,тыс. рублей,372264.0,
RP_2013-03-12_N328-r_raspredelenie_2013,2013,Саратовская область,274975.0,тыс. рублей,274975.0,
RP_2013-03-12_N328-r_raspredelenie_2013,2013,Сахалинская область,82809.0,тыс. рублей,82809.0,
RP_2013-03-12_N328-r_raspredelenie_2013,2013,Свердловская область,612126.0,тыс. рублей,612126.0,
RP_2013-03-12_N328-r_raspredelenie_2013,2013,Смоленская область,124151.0,тыс. рублей,124151.0,
RP_2013-03-12_N328-r_raspredelenie_2013,2013,Тамбовская область,105772.0,тыс. рублей,105772.0,
RP_2013-03-12_N328-r_raspredelenie_2013,2013,Тверская область,142102.0,тыс. рублей,142102.0,
RP_2013-03-12_N328-r_raspredelenie_2013,2013,Томская область,140519.0,тыс. рублей,140519.0,
RP_2013-03-12_N328-r_raspredelenie_2013,2013,Тульская область,185018.0,тыс. рублей,185018.0,
RP_2013-03-12_N328-r_raspredelenie_2013,2013,Тюменская область,213236.0,тыс. рублей,213236.0,
RP_2013-03-12_N328-r_raspredelenie_2013,2013,Ульяновская область,147912.0,тыс. рублей,147912.0,
RP_2013-03-12_N328-r_raspredelenie_2013,2013,Челябинская область,419317.0,тыс. рублей,419317.0,
RP_2013-03-12_N328-r_raspredelenie_2013,2013,Ярославская область,189040.0,тыс. рублей,189040.0,
RP_2013-03-12_N328-r_raspredelenie_2013,2013,Город Москва,1344638.0,тыс. рублей,1344638.0,
RP_2013-03-12_N328-r_raspredelenie_2013,2013,Город Санкт-Петербург,829647.0,тыс. рублей,829647.0,
RP_2013-03-12_N328-r_raspredelenie_2013,2013,Еврейская автономная область,18138.0,тыс. рублей,18138.0,
RP_2013-03-12_N328-r_raspredelenie_2013,2013,Ненецкий автономный округ,4690.0,тыс. рублей,4690.0,
RP_2013-03-12_N328-r_raspredelenie_2013,2013,Ханты-Мансийский автономный округ - Югра,238244.0,тыс. рублей,238244.0,
RP_2013-03-12_N328-r_raspredelenie_2013,2013,Чукотский автономный округ,4996.1,тыс. рублей,4996.1,
RP_2013-03-12_N328-r_raspredelenie_2013,2013,Ямало-Ненецкий автономный округ,77775.0,тыс. рублей,77775.0,
RP_2013-03-12_N328-r_raspredelenie_2013,2013,Всего,18025704.1,тыс. рублей,18025704.1,
RP_2014-03-31_N476-r_raspredelenie_2014,2014,Республика Адыгея,62598478.0,рублей,62598.478,
RP_2014-03-31_N476-r_raspredelenie_2014,2014,Республика Алтай,32733882.0,рублей,32733.882,
RP_2014-03-31_N476-r_raspredelenie_2014,2014,Республика Башкортостан,409976862.0,рублей,409976.862,
RP_2014-03-31_N476-r_raspredelenie_2014,2014,Республика Бурятия,114219664.0,рублей,114219.664,
RP_2014-03-31_N476-r_raspredelenie_2014,2014,Республика Дагестан,228374412.0,рублей,228374.412,
RP_2014-03-31_N476-r_raspredelenie_2014,2014,Республика Ингушетия,29721781.0,рублей,29721.781,
RP_2014-03-31_N476-r_raspredelenie_2014,2014,Кабардино-Балкарская Республика,99441542.0,рублей,99441.542,
RP_2014-03-31_N476-r_raspredelenie_2014,2014,Республика Калмыкия,39008011.0,рублей,39008.011,
RP_2014-03-31_N476-r_raspredelenie_2014,2014,Карачаево-Черкесская Республика,51861375.0,рублей,51861.375,
RP_2014-03-31_N476-r_raspredelenie_2014,2014,Республика Карелия,79194248.0,рублей,79194.248,
RP_2014-03-31_N476-r_raspredelenie_2014,2014,Республика Коми,114901282.0,рублей,114901.282,
RP_2014-03-31_N476-r_raspredelenie_2014,2014,Республика Марий Эл,67902114.0,рублей,67902.114,
RP_2014-03-31_N476-r_raspredelenie_2014,2014,Республика Мордовия,76003628.0,рублей,76003.628,
RP_2014-03-31_N476-r_raspredelenie_2014,2014,Республика Саха (Якутия),167875966.0,рублей,167875.966,
RP_2014-03-31_N476-r_raspredelenie_2014,2014,Республика Северная Осетия - Алания,69846347.0,рублей,69846.347,
RP_2014-03-31_N476-r_raspredelenie_2014,2014,Республика Татарстан,454609843.0,рублей,454609.843,
RP_2014-03-31_N476-r_raspredelenie_2014,2014,Республика Тыва,33441466.0,рублей,33441.466,
RP_2014-03-31_N476-r_raspredelenie_2014,2014,Удмуртская Республика,172893971.0,рублей,172893.971,
RP_2014-03-31_N476-r_raspredelenie_2014,2014,Республика Хакасия,73975003.0,рублей,73975.003,
RP_2014-03-31_N476-r_raspredelenie_2014,2014,Чеченская Республика,120036136.0,рублей,120036.136,
RP_2014-03-31_N476-r_raspredelenie_2014,2014,Чувашская Республика,150105217.0,рублей,150105.217,
RP_2014-03-31_N476-r_raspredelenie_2014,2014,Алтайский край,298892640.0,рублей,298892.64,
RP_2014-03-31_N476-r_raspredelenie_2014,2014,Забайкальский край,104667278.0,рублей,104667.278,
RP_2014-03-31_N476-r_raspredelenie_2014,2014,Камчатский край,56210746.0,рублей,56210.746,
RP_2014-03-31_N476-r_raspredelenie_2014,2014,Краснодарский край,889170387.0,рублей,889170.387,
RP_2014-03-31_N476-r_raspredelenie_2014,2014,Красноярский край,405205538.0,рублей,405205.538,
RP_2014-03-31_N476-r_raspredelenie_2014,2014,Пермский край,344528573.0,рублей,344528.573,
RP_2014-03-31_N476-r_raspredelenie_2014,2014,Приморский край,264798768.0,рублей,264798.768,
RP_2014-03-31_N476-r_raspredelenie_2014,2014,Ставропольский край,350182755.0,рублей,350182.755,
RP_2014-03-31_N476-r_raspredelenie_2014,2014,Хабаровский край,182336000.0,рублей,182336.0,
RP_2014-03-31_N476-r_raspredelenie_2014,2014,Амурская область,98214630.0,рублей,98214.63,
RP_2014-03-31_N476-r_raspredelenie_2014,2014,Архангельская область,144317958.0,рублей,144317.958,
RP_2014-03-31_N476-r_raspredelenie_2014,2014,Астраханская область,121285768.0,рублей,121285.768,
RP_2014-03-31_N476-r_raspredelenie_2014,2014,Белгородская область,219143360.0,рублей,219143.36,
RP_2014-03-31_N476-r_raspredelenie_2014,2014,Брянская область,136274868.0,рублей,136274.868,
RP_2014-03-31_N476-r_raspredelenie_2014,2014,Владимирская область,184260759.0,рублей,184260.759,
RP_2014-03-31_N476-r_raspredelenie_2014,2014,Волгоградская область,282212479.0,рублей,282212.479,
RP_2014-03-31_N476-r_raspredelenie_2014,2014,Вологодская область,140929344.0,рублей,140929.344,
RP_2014-03-31_N476-r_raspredelenie_2014,2014,Воронежская область,241724383.0,рублей,241724.383,
RP_2014-03-31_N476-r_raspredelenie_2014,2014,Ивановская область,137488797.0,рублей,137488.797,
RP_2014-03-31_N476-r_raspredelenie_2014,2014,Иркутская область,281972290.0,рублей,281972.29,
RP_2014-03-31_N476-r_raspredelenie_2014,2014,Калининградская область,175003741.0,рублей,175003.741,
RP_2014-03-31_N476-r_raspredelenie_2014,2014,Калужская область,134012546.0,рублей,134012.546,
RP_2014-03-31_N476-r_raspredelenie_2014,2014,Кемеровская область,279262048.0,рублей,279262.048,
RP_2014-03-31_N476-r_raspredelenie_2014,2014,Кировская область,173650243.0,рублей,173650.243,
RP_2014-03-31_N476-r_raspredelenie_2014,2014,Костромская область,80349752.0,рублей,80349.752,
RP_2014-03-31_N476-r_raspredelenie_2014,2014,Курганская область,81261822.0,рублей,81261.822,
RP_2014-03-31_N476-r_raspredelenie_2014,2014,Курская область,126245349.0,рублей,126245.349,
RP_2014-03-31_N476-r_raspredelenie_2014,2014,Ленинградская область,194361685.0,рублей,194361.685,
RP_2014-03-31_N476-r_raspredelenie_2014,2014,Липецкая область,131889794.0,рублей,131889.794,
RP_2014-03-31_N476-r_raspredelenie_2014,2014,Магаданская область,32840994.0,рублей,32840.994,
RP_2014-03-31_N476-r_raspredelenie_2014,2014,Московская область,852872617.0,рублей,852872.617,
RP_2014-03-31_N476-r_raspredelenie_2014,2014,Мурманская область,75507020.0,рублей,75507.02,
RP_2014-03-31_N476-r_raspredelenie_2014,2014,Нижегородская область,372387265.0,рублей,372387.265,
RP_2014-03-31_N476-r_raspredelenie_2014,2014,Новгородская область,76091264.0,рублей,76091.264,
RP_2014-03-31_N476-r_raspredelenie_2014,2014,Новосибирская область,409272524.0,рублей,409272.524,
RP_2014-03-31_N476-r_raspredelenie_2014,2014,Омская область,239221872.0,рублей,239221.872,
RP_2014-03-31_N476-r_raspredelenie_2014,2014,Оренбургская область,210467340.0,рублей,210467.34,
RP_2014-03-31_N476-r_raspredelenie_2014,2014,Орловская область,86078588.0,рублей,86078.588,
RP_2014-03-31_N476-r_raspredelenie_2014,2014,Пензенская область,167165136.0,рублей,167165.136,
RP_2014-03-31_N476-r_raspredelenie_2014,2014,Псковская область,75172703.0,рублей,75172.703,
RP_2014-03-31_N476-r_raspredelenie_2014,2014,Ростовская область,640061811.0,рублей,640061.811,
RP_2014-03-31_N476-r_raspredelenie_2014,2014,Рязанская область,134330634.0,рублей,134330.634,
RP_2014-03-31_N476-r_raspredelenie_2014,2014,Самарская область,375977119.0,рублей,375977.119,
RP_2014-03-31_N476-r_raspredelenie_2014,2014,Саратовская область,272309547.0,рублей,272309.547,
RP_2014-03-31_N476-r_raspredelenie_2014,2014,Сахалинская область,84491392.0,рублей,84491.392,
RP_2014-03-31_N476-r_raspredelenie_2014,2014,Свердловская область,612495241.0,рублей,612495.241,
RP_2014-03-31_N476-r_raspredelenie_2014,2014,Смоленская область,120140001.0,рублей,120140.001,
RP_2014-03-31_N476-r_raspredelenie_2014,2014,Тамбовская область,102067393.0,рублей,102067.393,
RP_2014-03-31_N476-r_raspredelenie_2014,2014,Тверская область,158739042.0,рублей,158739.042,
RP_2014-03-31_N476-r_raspredelenie_2014,2014,Томская область,148693295.0,рублей,148693.295,
RP_2014-03-31_N476-r_raspredelenie_2014,2014,Тульская область,192079889.0,рублей,192079.889,
RP_2014-03-31_N476-r_raspredelenie_2014,2014,Тюменская область,222074317.0,рублей,222074.317,
RP_2014-03-31_N476-r_raspredelenie_2014,2014,Ульяновская область,145460479.0,рублей,145460.479,
RP_2014-03-31_N476-r_raspredelenie_2014,2014,Челябинская область,393991303.0,рублей,393991.303,
RP_2014-03-31_N476-r_raspredelenie_2014,2014,Ярославская область,186497115.0,рублей,186497.115,
RP_2014-03-31_N476-r_raspredelenie_2014,2014,Город Москва,1458759411.0,рублей,1458759.411,
RP_2014-03-31_N476-r_raspredelenie_2014,2014,Город Санкт-Петербург,1022631147.0,рублей,1022631.147,
RP_2014-03-31_N476-r_raspredelenie_2014,2014,Еврейская автономная область,17806453.0,рублей,17806.453,
RP_2014-03-31_N476-r_raspredelenie_2014,2014,Ненецкий автономный округ,5164066.0,рублей,5164.066,
RP_2014-03-31_N476-r_raspredelenie_2014,2014,Ханты-Мансийский автономный округ - Югра,248819700.0,рублей,248819.7,
RP_2014-03-31_N476-r_raspredelenie_2014,2014,Чукотский автономный округ,5826209.0,рублей,5826.209,
RP_2014-03-31_N476-r_raspredelenie_2014,2014,Ямало-Ненецкий автономный округ,80557484.0,рублей,80557.484,
RP_2014-03-31_N476-r_raspredelenie_2014,2014,Всего,18134625900.0,рублей,18134625.9,
RP_2014-09-06_N1751-r_izm_476-r,2014,Республика Адыгея,72312771.0,рублей,72312.771,
RP_2014-09-06_N1751-r_izm_476-r,2014,Республика Алтай,34178111.0,рублей,34178.111,
RP_2014-09-06_N1751-r_izm_476-r,2014,Республика Башкортостан,1146000000.0,рублей,1146000.0,
RP_2014-09-06_N1751-r_izm_476-r,2014,Республика Бурятия,111830471.0,рублей,111830.471,
RP_2014-09-06_N1751-r_izm_476-r,2014,Республика Дагестан,237751194.0,рублей,237751.194,
RP_2014-09-06_N1751-r_izm_476-r,2014,Республика Ингушетия,544800000.0,рублей,544800.0,
RP_2014-09-06_N1751-r_izm_476-r,2014,Кабардино-Балкарская Республика,200000000.0,рублей,200000.0,
RP_2014-09-06_N1751-r_izm_476-r,2014,Республика Калмыкия,21584000.0,рублей,21584.0,
RP_2014-09-06_N1751-r_izm_476-r,2014,Карачаево-Черкесская Республика,46960000.0,рублей,46960.0,
RP_2014-09-06_N1751-r_izm_476-r,2014,Республика Карелия,20100000.0,рублей,20100.0,
RP_2014-09-06_N1751-r_izm_476-r,2014,Республика Коми,71691000.0,рублей,71691.0,
RP_2014-09-06_N1751-r_izm_476-r,2014,Республика Марий Эл,24400000.0,рублей,24400.0,
RP_2014-09-06_N1751-r_izm_476-r,2014,Республика Мордовия,152750960.0,рублей,152750.96,
RP_2014-09-06_N1751-r_izm_476-r,2014,Республика Саха (Якутия),167875966.0,рублей,167875.966,
RP_2014-09-06_N1751-r_izm_476-r,2014,Республика Северная Осетия - Алания,264000000.0,рублей,264000.0,
RP_2014-09-06_N1751-r_izm_476-r,2014,Республика Татарстан,1829568195.0,рублей,1829568.195,
RP_2014-09-06_N1751-r_izm_476-r,2014,Республика Тыва,57648952.0,рублей,57648.952,
RP_2014-09-06_N1751-r_izm_476-r,2014,Удмуртская Республика,172268000.0,рублей,172268.0,
RP_2014-09-06_N1751-r_izm_476-r,2014,Республика Хакасия,63800000.0,рублей,63800.0,
RP_2014-09-06_N1751-r_izm_476-r,2014,Чеченская Республика,595964360.0,рублей,595964.36,
RP_2014-09-06_N1751-r_izm_476-r,2014,Чувашская Республика,142041081.0,рублей,142041.081,
RP_2014-09-06_N1751-r_izm_476-r,2014,Алтайский край,298892000.0,рублей,298892.0,
RP_2014-09-06_N1751-r_izm_476-r,2014,Забайкальский край,111978229.0,рублей,111978.229,
RP_2014-09-06_N1751-r_izm_476-r,2014,Камчатский край,60000000.0,рублей,60000.0,
RP_2014-09-06_N1751-r_izm_476-r,2014,Краснодарский край,205000000.0,рублей,205000.0,
RP_2014-09-06_N1751-r_izm_476-r,2014,Красноярский край,236019000.0,рублей,236019.0,
RP_2014-09-06_N1751-r_izm_476-r,2014,Пермский край,287517901.0,рублей,287517.901,
RP_2014-09-06_N1751-r_izm_476-r,2014,Приморский край,261337374.0,рублей,261337.374,
RP_2014-09-06_N1751-r_izm_476-r,2014,Ставропольский край,395334560.0,рублей,395334.56,
RP_2014-09-06_N1751-r_izm_476-r,2014,Хабаровский край,172640000.0,рублей,172640.0,
RP_2014-09-06_N1751-r_izm_476-r,2014,Амурская область,96000000.0,рублей,96000.0,
RP_2014-09-06_N1751-r_izm_476-r,2014,Архангельская область,149200000.0,рублей,149200.0,
RP_2014-09-06_N1751-r_izm_476-r,2014,Астраханская область,116672240.0,рублей,116672.24,
RP_2014-09-06_N1751-r_izm_476-r,2014,Белгородская область,218907954.0,рублей,218907.954,
RP_2014-09-06_N1751-r_izm_476-r,2014,Брянская область,266000000.0,рублей,266000.0,
RP_2014-09-06_N1751-r_izm_476-r,2014,Владимирская область,251291680.0,рублей,251291.68,
RP_2014-09-06_N1751-r_izm_476-r,2014,Волгоградская область,145800000.0,рублей,145800.0,
RP_2014-09-06_N1751-r_izm_476-r,2014,Вологодская область,152929344.0,рублей,152929.344,
RP_2014-09-06_N1751-r_izm_476-r,2014,Воронежская область,245174604.0,рублей,245174.604,
RP_2014-09-06_N1751-r_izm_476-r,2014,Ивановская область,44000000.0,рублей,44000.0,
RP_2014-09-06_N1751-r_izm_476-r,2014,Иркутская область,234347500.0,рублей,234347.5,
RP_2014-09-06_N1751-r_izm_476-r,2014,Калининградская область,437510741.0,рублей,437510.741,
RP_2014-09-06_N1751-r_izm_476-r,2014,Калужская область,383133342.0,рублей,383133.342,
RP_2014-09-06_N1751-r_izm_476-r,2014,Кемеровская область,150487000.0,рублей,150487.0,
RP_2014-09-06_N1751-r_izm_476-r,2014,Кировская область,174780413.0,рублей,174780.413,
RP_2014-09-06_N1751-r_izm_476-r,2014,Костромская область,63800000.0,рублей,63800.0,
RP_2014-09-06_N1751-r_izm_476-r,2014,Курганская область,96520000.0,рублей,96520.0,
RP_2014-09-06_N1751-r_izm_476-r,2014,Курская область,130845600.0,рублей,130845.6,
RP_2014-09-06_N1751-r_izm_476-r,2014,Ленинградская область,203665004.0,рублей,203665.004,
RP_2014-09-06_N1751-r_izm_476-r,2014,Липецкая область,132783503.0,рублей,132783.503,
RP_2014-09-06_N1751-r_izm_476-r,2014,Магаданская область,36160000.0,рублей,36160.0,
RP_2014-09-06_N1751-r_izm_476-r,2014,Московская область,774227000.0,рублей,774227.0,
RP_2014-09-06_N1751-r_izm_476-r,2014,Мурманская область,95107230.0,рублей,95107.23,
RP_2014-09-06_N1751-r_izm_476-r,2014,Нижегородская область,363261594.0,рублей,363261.594,
RP_2014-09-06_N1751-r_izm_476-r,2014,Новгородская область,43257145.0,рублей,43257.145,
RP_2014-09-06_N1751-r_izm_476-r,2014,Новосибирская область,240280670.0,рублей,240280.67,
RP_2014-09-06_N1751-r_izm_476-r,2014,Омская область,234869431.0,рублей,234869.431,
RP_2014-09-06_N1751-r_izm_476-r,2014,Оренбургская область,110719700.0,рублей,110719.7,
RP_2014-09-06_N1751-r_izm_476-r,2014,Орловская область,108401765.0,рублей,108401.765,
RP_2014-09-06_N1751-r_izm_476-r,2014,Пензенская область,154693892.0,рублей,154693.892,
RP_2014-09-06_N1751-r_izm_476-r,2014,Псковская область,80800000.0,рублей,80800.0,
RP_2014-09-06_N1751-r_izm_476-r,2014,Ростовская область,616350215.0,рублей,616350.215,
RP_2014-09-06_N1751-r_izm_476-r,2014,Рязанская область,125855000.0,рублей,125855.0,
RP_2014-09-06_N1751-r_izm_476-r,2014,Самарская область,373408295.0,рублей,373408.295,
RP_2014-09-06_N1751-r_izm_476-r,2014,Саратовская область,84678240.0,рублей,84678.24,
RP_2014-09-06_N1751-r_izm_476-r,2014,Сахалинская область,36953500.0,рублей,36953.5,
RP_2014-09-06_N1751-r_izm_476-r,2014,Свердловская область,631191301.0,рублей,631191.301,
RP_2014-09-06_N1751-r_izm_476-r,2014,Смоленская область,220400000.0,рублей,220400.0,
RP_2014-09-06_N1751-r_izm_476-r,2014,Тамбовская область,101578308.0,рублей,101578.308,
RP_2014-09-06_N1751-r_izm_476-r,2014,Тверская область,15040000.0,рублей,15040.0,
RP_2014-09-06_N1751-r_izm_476-r,2014,Томская область,205950000.0,рублей,205950.0,
RP_2014-09-06_N1751-r_izm_476-r,2014,Тульская область,247600000.0,рублей,247600.0,
RP_2014-09-06_N1751-r_izm_476-r,2014,Тюменская область,313138816.0,рублей,313138.816,
RP_2014-09-06_N1751-r_izm_476-r,2014,Ульяновская область,53200000.0,рублей,53200.0,
RP_2014-09-06_N1751-r_izm_476-r,2014,Челябинская область,153000000.0,рублей,153000.0,
RP_2014-09-06_N1751-r_izm_476-r,2014,Ярославская область,106732910.0,рублей,106732.91,
RP_2014-09-06_N1751-r_izm_476-r,2014,Город Москва,341247500.0,рублей,341247.5,
RP_2014-09-06_N1751-r_izm_476-r,2014,Город Санкт-Петербург,205808000.0,рублей,205808.0,
RP_2014-09-06_N1751-r_izm_476-r,2014,Ненецкий автономный округ,5343808.0,рублей,5343.808,
RP_2014-09-06_N1751-r_izm_476-r,2014,Ханты-Мансийский автономный округ - Югра,254521494.0,рублей,254521.494,
RP_2014-09-06_N1751-r_izm_476-r,2014,Чукотский автономный округ,19120000.0,рублей,19120.0,
RP_2014-09-06_N1751-r_izm_476-r,2014,Ямало-Ненецкий автономный округ,81637036.0,рублей,81637.036,
RP_2014-09-06_N1751-r_izm_476-r,2014,Всего,18134625900.0,рублей,18134625.9,
RP_2015-03-28_N538-r_raspredelenie_2015,2015,Республика Адыгея,52491723.0,рублей,52491.723,
RP_2015-03-28_N538-r_raspredelenie_2015,2015,Республика Алтай,24105695.0,рублей,24105.695,
RP_2015-03-28_N538-r_raspredelenie_2015,2015,Республика Башкортостан,475018818.0,рублей,475018.818,
RP_2015-03-28_N538-r_raspredelenie_2015,2015,Республика Бурятия,113725592.0,рублей,113725.592,
RP_2015-03-28_N538-r_raspredelenie_2015,2015,Республика Дагестан,345906280.0,рублей,345906.28,
RP_2015-03-28_N538-r_raspredelenie_2015,2015,Республика Ингушетия,54383171.0,рублей,54383.171,
RP_2015-03-28_N538-r_raspredelenie_2015,2015,Кабардино-Балкарская Республика,103191775.0,рублей,103191.775,
RP_2015-03-28_N538-r_raspredelenie_2015,2015,Республика Калмыкия,33750371.0,рублей,33750.371,
RP_2015-03-28_N538-r_raspredelenie_2015,2015,Карачаево-Черкесская Республика,55808509.0,рублей,55808.509,
RP_2015-03-28_N538-r_raspredelenie_2015,2015,Республика Карелия,76646340.0,рублей,76646.34,
RP_2015-03-28_N538-r_raspredelenie_2015,2015,Республика Коми,104214387.0,рублей,104214.387,
RP_2015-03-28_N538-r_raspredelenie_2015,2015,Республика Крым,237796127.0,рублей,237796.127,
RP_2015-03-28_N538-r_raspredelenie_2015,2015,Республика Марий Эл,80423493.0,рублей,80423.493,
RP_2015-03-28_N538-r_raspredelenie_2015,2015,Республика Мордовия,97917577.0,рублей,97917.577,
RP_2015-03-28_N538-r_raspredelenie_2015,2015,Республика Саха (Якутия),114781175.0,рублей,114781.175,
RP_2015-03-28_N538-r_raspredelenie_2015,2015,Республика Северная Осетия - Алания,81970059.0,рублей,81970.059,
RP_2015-03-28_N538-r_raspredelenie_2015,2015,Республика Татарстан,446902544.0,рублей,446902.544,
RP_2015-03-28_N538-r_raspredelenie_2015,2015,Республика Тыва,35344845.0,рублей,35344.845,
RP_2015-03-28_N538-r_raspredelenie_2015,2015,Удмуртская Республика,183304735.0,рублей,183304.735,
RP_2015-03-28_N538-r_raspredelenie_2015,2015,Республика Хакасия,64173457.0,рублей,64173.457,
RP_2015-03-28_N538-r_raspredelenie_2015,2015,Чеченская Республика,161861385.0,рублей,161861.385,
RP_2015-03-28_N538-r_raspredelenie_2015,2015,Чувашская Республика,144757951.0,рублей,144757.951,
RP_2015-03-28_N538-r_raspredelenie_2015,2015,Алтайский край,276435993.0,рублей,276435.993,
RP_2015-03-28_N538-r_raspredelenie_2015,2015,Забайкальский край,124460219.0,рублей,124460.219,
RP_2015-03-28_N538-r_raspredelenie_2015,2015,Камчатский край,36972601.0,рублей,36972.601,
RP_2015-03-28_N538-r_raspredelenie_2015,2015,Краснодарский край,623247464.0,рублей,623247.464,
RP_2015-03-28_N538-r_raspredelenie_2015,2015,Красноярский край,341837796.0,рублей,341837.796,
RP_2015-03-28_N538-r_raspredelenie_2015,2015,Пермский край,289965247.0,рублей,289965.247,
RP_2015-03-28_N538-r_raspredelenie_2015,2015,Приморский край,221645145.0,рублей,221645.145,
RP_2015-03-28_N538-r_raspredelenie_2015,2015,Ставропольский край,314824517.0,рублей,314824.517,
RP_2015-03-28_N538-r_raspredelenie_2015,2015,Хабаровский край,162458181.0,рублей,162458.181,
RP_2015-03-28_N538-r_raspredelenie_2015,2015,Амурская область,94554219.0,рублей,94554.219,
RP_2015-03-28_N538-r_raspredelenie_2015,2015,Архангельская область,131985212.0,рублей,131985.212,
RP_2015-03-28_N538-r_raspredelenie_2015,2015,Астраханская область,117518058.0,рублей,117518.058,
RP_2015-03-28_N538-r_raspredelenie_2015,2015,Белгородская область,172629836.0,рублей,172629.836,
RP_2015-03-28_N538-r_raspredelenie_2015,2015,Брянская область,145034268.0,рублей,145034.268,
RP_2015-03-28_N538-r_raspredelenie_2015,2015,Владимирская область,171268818.0,рублей,171268.818,
RP_2015-03-28_N538-r_raspredelenie_2015,2015,Волгоградская область,297497565.0,рублей,297497.565,
RP_2015-03-28_N538-r_raspredelenie_2015,2015,Вологодская область,144690758.0,рублей,144690.758,
RP_2015-03-28_N538-r_raspredelenie_2015,2015,Воронежская область,271704809.0,рублей,271704.809,
RP_2015-03-28_N538-r_raspredelenie_2015,2015,Ивановская область,121204481.0,рублей,121204.481,
RP_2015-03-28_N538-r_raspredelenie_2015,2015,Иркутская область,281913320.0,рублей,281913.32,
RP_2015-03-28_N538-r_raspredelenie_2015,2015,Калининградская область,115559457.0,рублей,115559.457,
RP_2015-03-28_N538-r_raspredelenie_2015,2015,Калужская область,119183027.0,рублей,119183.027,
RP_2015-03-28_N538-r_raspredelenie_2015,2015,Кемеровская область,330455349.0,рублей,330455.349,
RP_2015-03-28_N538-r_raspredelenie_2015,2015,Кировская область,154984578.0,рублей,154984.578,
RP_2015-03-28_N538-r_raspredelenie_2015,2015,Костромская область,76632834.0,рублей,76632.834,
RP_2015-03-28_N538-r_raspredelenie_2015,2015,Курганская область,102431858.0,рублей,102431.858,
RP_2015-03-28_N538-r_raspredelenie_2015,2015,Курская область,125852530.0,рублей,125852.53,
RP_2015-03-28_N538-r_raspredelenie_2015,2015,Ленинградская область,211749532.0,рублей,211749.532,
RP_2015-03-28_N538-r_raspredelenie_2015,2015,Липецкая область,131552108.0,рублей,131552.108,
RP_2015-03-28_N538-r_raspredelenie_2015,2015,Магаданская область,18059539.0,рублей,18059.539,
RP_2015-03-28_N538-r_raspredelenie_2015,2015,Московская область,817619321.0,рублей,817619.321,
RP_2015-03-28_N538-r_raspredelenie_2015,2015,Мурманская область,89039814.0,рублей,89039.814,
RP_2015-03-28_N538-r_raspredelenie_2015,2015,Нижегородская область,382517004.0,рублей,382517.004,
RP_2015-03-28_N538-r_raspredelenie_2015,2015,Новгородская область,74369343.0,рублей,74369.343,
RP_2015-03-28_N538-r_raspredelenie_2015,2015,Новосибирская область,322042153.0,рублей,322042.153,
RP_2015-03-28_N538-r_raspredelenie_2015,2015,Омская область,222824482.0,рублей,222824.482,
RP_2015-03-28_N538-r_raspredelenie_2015,2015,Оренбургская область,226185842.0,рублей,226185.842,
RP_2015-03-28_N538-r_raspredelenie_2015,2015,Орловская область,89123966.0,рублей,89123.966,
RP_2015-03-28_N538-r_raspredelenie_2015,2015,Пензенская область,157942186.0,рублей,157942.186,
RP_2015-03-28_N538-r_raspredelenie_2015,2015,Псковская область,76405175.0,рублей,76405.175,
RP_2015-03-28_N538-r_raspredelenie_2015,2015,Ростовская область,488507868.0,рублей,488507.868,
RP_2015-03-28_N538-r_raspredelenie_2015,2015,Рязанская область,127430092.0,рублей,127430.092,
RP_2015-03-28_N538-r_raspredelenie_2015,2015,Самарская область,372811368.0,рублей,372811.368,
RP_2015-03-28_N538-r_raspredelenie_2015,2015,Саратовская область,297241145.0,рублей,297241.145,
RP_2015-03-28_N538-r_raspredelenie_2015,2015,Сахалинская область,56460034.0,рублей,56460.034,
RP_2015-03-28_N538-r_raspredelenie_2015,2015,Свердловская область,497891701.0,рублей,497891.701,
RP_2015-03-28_N538-r_raspredelenie_2015,2015,Смоленская область,105889216.0,рублей,105889.216,
RP_2015-03-28_N538-r_raspredelenie_2015,2015,Тамбовская область,122222858.0,рублей,122222.858,
RP_2015-03-28_N538-r_raspredelenie_2015,2015,Тверская область,149424439.0,рублей,149424.439,
RP_2015-03-28_N538-r_raspredelenie_2015,2015,Томская область,128583625.0,рублей,128583.625,
RP_2015-03-28_N538-r_raspredelenie_2015,2015,Тульская область,184387390.0,рублей,184387.39,
RP_2015-03-28_N538-r_raspredelenie_2015,2015,Тюменская область,161419232.0,рублей,161419.232,
RP_2015-03-28_N538-r_raspredelenie_2015,2015,Ульяновская область,146899101.0,рублей,146899.101,
RP_2015-03-28_N538-r_raspredelenie_2015,2015,Челябинская область,406353454.0,рублей,406353.454,
RP_2015-03-28_N538-r_raspredelenie_2015,2015,Ярославская область,150577346.0,рублей,150577.346,
RP_2015-03-28_N538-r_raspredelenie_2015,2015,Город Москва,1314460436.0,рублей,1314460.436,
RP_2015-03-28_N538-r_raspredelenie_2015,2015,Город Санкт-Петербург,600238902.0,рублей,600238.902,
RP_2015-03-28_N538-r_raspredelenie_2015,2015,Город Севастополь,46590937.0,рублей,46590.937,
RP_2015-03-28_N538-r_raspredelenie_2015,2015,Еврейская автономная область,18385345.0,рублей,18385.345,
RP_2015-03-28_N538-r_raspredelenie_2015,2015,Ненецкий автономный округ,4809050.0,рублей,4809.05,
RP_2015-03-28_N538-r_raspredelenie_2015,2015,Ханты-Мансийский автономный округ - Югра,179626767.0,рублей,179626.767,
RP_2015-03-28_N538-r_raspredelenie_2015,2015,Чукотский автономный округ,5647928.0,рублей,5647.928,
RP_2015-03-28_N538-r_raspredelenie_2015,2015,Ямало-Ненецкий автономный округ,63074452.0,рублей,63074.452,
RP_2015-03-28_N538-r_raspredelenie_2015,2015,Всего,16903787300.0,рублей,16903787.3,
RP_2015-07-18_N1400-r_izm_538-r,2015,Республика Адыгея,52491723.0,рублей,52491.723,
RP_2015-07-18_N1400-r_izm_538-r,2015,Республика Алтай,24105695.0,рублей,24105.695,
RP_2015-07-18_N1400-r_izm_538-r,2015,Республика Башкортостан,612344855.35,рублей,612344.85535,
RP_2015-07-18_N1400-r_izm_538-r,2015,Республика Бурятия,115437954.7,рублей,115437.9547,
RP_2015-07-18_N1400-r_izm_538-r,2015,Республика Дагестан,345906280.0,рублей,345906.28,
RP_2015-07-18_N1400-r_izm_538-r,2015,Республика Ингушетия,54383171.0,рублей,54383.171,
RP_2015-07-18_N1400-r_izm_538-r,2015,Кабардино-Балкарская Республика,140609468.17,рублей,140609.46816999998,
RP_2015-07-18_N1400-r_izm_538-r,2015,Республика Калмыкия,33750371.0,рублей,33750.371,
RP_2015-07-18_N1400-r_izm_538-r,2015,Карачаево-Черкесская Республика,55808509.0,рублей,55808.509,
RP_2015-07-18_N1400-r_izm_538-r,2015,Республика Карелия,75682040.0,рублей,75682.04,
RP_2015-07-18_N1400-r_izm_538-r,2015,Республика Коми,96242000.0,рублей,96242.0,
RP_2015-07-18_N1400-r_izm_538-r,2015,Республика Крым,170810000.0,рублей,170810.0,
RP_2015-07-18_N1400-r_izm_538-r,2015,Республика Марий Эл,80452777.43,рублей,80452.77743,
RP_2015-07-18_N1400-r_izm_538-r,2015,Республика Мордовия,97917577.0,рублей,97917.577,
RP_2015-07-18_N1400-r_izm_538-r,2015,Республика Саха (Якутия),133306814.12,рублей,133306.81412,
RP_2015-07-18_N1400-r_izm_538-r,2015,Республика Северная Осетия - Алания,81970059.0,рублей,81970.059,
RP_2015-07-18_N1400-r_izm_538-r,2015,Республика Татарстан,704522581.03,рублей,704522.58103,
RP_2015-07-18_N1400-r_izm_538-r,2015,Республика Тыва,35344845.0,рублей,35344.845,
RP_2015-07-18_N1400-r_izm_538-r,2015,Удмуртская Республика,183304735.0,рублей,183304.735,
RP_2015-07-18_N1400-r_izm_538-r,2015,Республика Хакасия,69932072.5,рублей,69932.0725,
RP_2015-07-18_N1400-r_izm_538-r,2015,Чеченская Республика,261923006.02,рублей,261923.00602,
RP_2015-07-18_N1400-r_izm_538-r,2015,Чувашская Республика,144757951.0,рублей,144757.951,
RP_2015-07-18_N1400-r_izm_538-r,2015,Алтайский край,323622774.2,рублей,323622.7742,
RP_2015-07-18_N1400-r_izm_538-r,2015,Забайкальский край,128260219.0,рублей,128260.219,
RP_2015-07-18_N1400-r_izm_538-r,2015,Камчатский край,36972601.0,рублей,36972.601,
RP_2015-07-18_N1400-r_izm_538-r,2015,Краснодарский край,613247591.0,рублей,613247.591,
RP_2015-07-18_N1400-r_izm_538-r,2015,Красноярский край,329474700.0,рублей,329474.7,
RP_2015-07-18_N1400-r_izm_538-r,2015,Пермский край,289965247.0,рублей,289965.247,
RP_2015-07-18_N1400-r_izm_538-r,2015,Приморский край,221645145.0,рублей,221645.145,
RP_2015-07-18_N1400-r_izm_538-r,2015,Ставропольский край,314824517.0,рублей,314824.517,
RP_2015-07-18_N1400-r_izm_538-r,2015,Хабаровский край,228551008.33,рублей,228551.00833,
RP_2015-07-18_N1400-r_izm_538-r,2015,Амурская область,94554219.0,рублей,94554.219,
RP_2015-07-18_N1400-r_izm_538-r,2015,Архангельская область,131985212.0,рублей,131985.212,
RP_2015-07-18_N1400-r_izm_538-r,2015,Астраханская область,110672000.0,рублей,110672.0,
RP_2015-07-18_N1400-r_izm_538-r,2015,Белгородская область,167327000.0,рублей,167327.0,
RP_2015-07-18_N1400-r_izm_538-r,2015,Брянская область,145034268.0,рублей,145034.268,
RP_2015-07-18_N1400-r_izm_538-r,2015,Владимирская область,171268818.0,рублей,171268.818,
RP_2015-07-18_N1400-r_izm_538-r,2015,Волгоградская область,297497565.0,рублей,297497.565,
RP_2015-07-18_N1400-r_izm_538-r,2015,Вологодская область,489152603.27,рублей,489152.60326999996,
RP_2015-07-18_N1400-r_izm_538-r,2015,Воронежская область,275593172.95,рублей,275593.17295,
RP_2015-07-18_N1400-r_izm_538-r,2015,Ивановская область,95000000.0,рублей,95000.0,
RP_2015-07-18_N1400-r_izm_538-r,2015,Иркутская область,276921134.0,рублей,276921.134,
RP_2015-07-18_N1400-r_izm_538-r,2015,Калининградская область,115559457.0,рублей,115559.457,
RP_2015-07-18_N1400-r_izm_538-r,2015,Калужская область,119183027.0,рублей,119183.027,
RP_2015-07-18_N1400-r_izm_538-r,2015,Кемеровская область,318460666.66,рублей,318460.66666000005,
RP_2015-07-18_N1400-r_izm_538-r,2015,Кировская область,154984578.0,рублей,154984.578,
RP_2015-07-18_N1400-r_izm_538-r,2015,Костромская область,76632834.0,рублей,76632.834,
RP_2015-07-18_N1400-r_izm_538-r,2015,Курганская область,157126442.55,рублей,157126.44255,
RP_2015-07-18_N1400-r_izm_538-r,2015,Курская область,125852530.0,рублей,125852.53,
RP_2015-07-18_N1400-r_izm_538-r,2015,Ленинградская область,267749532.0,рублей,267749.532,
RP_2015-07-18_N1400-r_izm_538-r,2015,Липецкая область,131552108.0,рублей,131552.108,
RP_2015-07-18_N1400-r_izm_538-r,2015,Магаданская область,18059539.0,рублей,18059.539,
RP_2015-07-18_N1400-r_izm_538-r,2015,Московская область,817619321.0,рублей,817619.321,
RP_2015-07-18_N1400-r_izm_538-r,2015,Мурманская область,89039814.0,рублей,89039.814,
RP_2015-07-18_N1400-r_izm_538-r,2015,Нижегородская область,382517004.0,рублей,382517.004,
RP_2015-07-18_N1400-r_izm_538-r,2015,Новгородская область,74369343.0,рублей,74369.343,
RP_2015-07-18_N1400-r_izm_538-r,2015,Новосибирская область,322042153.0,рублей,322042.153,
RP_2015-07-18_N1400-r_izm_538-r,2015,Омская область,222824482.0,рублей,222824.482,
RP_2015-07-18_N1400-r_izm_538-r,2015,Оренбургская область,117089000.0,рублей,117089.0,
RP_2015-07-18_N1400-r_izm_538-r,2015,Орловская область,89123966.0,рублей,89123.966,
RP_2015-07-18_N1400-r_izm_538-r,2015,Пензенская область,157942186.0,рублей,157942.186,
RP_2015-07-18_N1400-r_izm_538-r,2015,Псковская область,76405175.0,рублей,76405.175,
RP_2015-07-18_N1400-r_izm_538-r,2015,Ростовская область,488507868.0,рублей,488507.868,
RP_2015-07-18_N1400-r_izm_538-r,2015,Рязанская область,127430092.0,рублей,127430.092,
RP_2015-07-18_N1400-r_izm_538-r,2015,Самарская область,394811368.0,рублей,394811.368,
RP_2015-07-18_N1400-r_izm_538-r,2015,Саратовская область,297008000.0,рублей,297008.0,
RP_2015-07-18_N1400-r_izm_538-r,2015,Сахалинская область,32000000.0,рублей,32000.0,
RP_2015-07-18_N1400-r_izm_538-r,2015,Свердловская область,497891701.0,рублей,497891.701,
RP_2015-07-18_N1400-r_izm_538-r,2015,Смоленская область,105889216.0,рублей,105889.216,
RP_2015-07-18_N1400-r_izm_538-r,2015,Тамбовская область,122208858.0,рублей,122208.858,
RP_2015-07-18_N1400-r_izm_538-r,2015,Тверская область,149400000.0,рублей,149400.0,
RP_2015-07-18_N1400-r_izm_538-r,2015,Томская область,145008246.54,рублей,145008.24654,
RP_2015-07-18_N1400-r_izm_538-r,2015,Тульская область,199414341.13,рублей,199414.34113,
RP_2015-07-18_N1400-r_izm_538-r,2015,Тюменская область,161419232.0,рублей,161419.232,
RP_2015-07-18_N1400-r_izm_538-r,2015,Ульяновская область,146899101.0,рублей,146899.101,
RP_2015-07-18_N1400-r_izm_538-r,2015,Челябинская область,405950000.0,рублей,405950.0,
RP_2015-07-18_N1400-r_izm_538-r,2015,Ярославская область,150576000.0,рублей,150576.0,
RP_2015-07-18_N1400-r_izm_538-r,2015,Город Москва,878117000.0,рублей,878117.0,
RP_2015-07-18_N1400-r_izm_538-r,2015,Город Санкт-Петербург,120745520.0,рублей,120745.52,
RP_2015-07-18_N1400-r_izm_538-r,2015,Город Севастополь,62310426.05,рублей,62310.426049999995,
RP_2015-07-18_N1400-r_izm_538-r,2015,Еврейская автономная область,18385345.0,рублей,18385.345,
RP_2015-07-18_N1400-r_izm_538-r,2015,Ненецкий автономный округ,4758400.0,рублей,4758.4,
RP_2015-07-18_N1400-r_izm_538-r,2015,Ханты-Мансийский автономный округ - Югра,179626767.0,рублей,179626.767,
RP_2015-07-18_N1400-r_izm_538-r,2015,Чукотский автономный округ,5647928.0,рублей,5647.928,
RP_2015-07-18_N1400-r_izm_538-r,2015,Ямало-Ненецкий автономный округ,63074452.0,рублей,63074.452,
RP_2015-07-18_N1400-r_izm_538-r,2015,Всего,16903787300.0,рублей,16903787.3,
RP_2016-03-07_N389-r_raspredelenie_2016,2016,Республика Адыгея,30384177.0,рублей,30384.177,
RP_2016-03-07_N389-r_raspredelenie_2016,2016,Республика Алтай,14851049.0,рублей,14851.049,
RP_2016-03-07_N389-r_raspredelenie_2016,2016,Республика Башкортостан,273433462.0,рублей,273433.462,
RP_2016-03-07_N389-r_raspredelenie_2016,2016,Республика Бурятия,61432222.0,рублей,61432.222,
RP_2016-03-07_N389-r_raspredelenie_2016,2016,Республика Дагестан,196513968.0,рублей,196513.968,
RP_2016-03-07_N389-r_raspredelenie_2016,2016,Республика Ингушетия,30904942.0,рублей,30904.942,
RP_2016-03-07_N389-r_raspredelenie_2016,2016,Кабардино-Балкарская Республика,56368017.0,рублей,56368.017,
RP_2016-03-07_N389-r_raspredelenie_2016,2016,Республика Калмыкия,17112500.0,рублей,17112.5,
RP_2016-03-07_N389-r_raspredelenie_2016,2016,Карачаево-Черкесская Республика,30791067.0,рублей,30791.067,
RP_2016-03-07_N389-r_raspredelenie_2016,2016,Республика Карелия,42293023.0,рублей,42293.023,
RP_2016-03-07_N389-r_raspredelenie_2016,2016,Республика Коми,58909013.0,рублей,58909.013,
RP_2016-03-07_N389-r_raspredelenie_2016,2016,Республика Крым,133009281.0,рублей,133009.281,
RP_2016-03-07_N389-r_raspredelenie_2016,2016,Республика Марий Эл,46103906.0,рублей,46103.906,
RP_2016-03-07_N389-r_raspredelenie_2016,2016,Республика Мордовия,56694584.0,рублей,56694.584,
RP_2016-03-07_N389-r_raspredelenie_2016,2016,Республика Саха (Якутия),73464909.0,рублей,73464.909,
RP_2016-03-07_N389-r_raspredelenie_2016,2016,Республика Северная Осетия - Алания,49162675.0,рублей,49162.675,
RP_2016-03-07_N389-r_raspredelenie_2016,2016,Республика Татарстан,259609264.0,рублей,259609.264,
RP_2016-03-07_N389-r_raspredelenie_2016,2016,Республика Тыва,22013251.0,рублей,22013.251,
RP_2016-03-07_N389-r_raspredelenie_2016,2016,Удмуртская Республика,102085947.0,рублей,102085.947,
RP_2016-03-07_N389-r_raspredelenie_2016,2016,Республика Хакасия,37216808.0,рублей,37216.808,
RP_2016-03-07_N389-r_raspredelenie_2016,2016,Чеченская Республика,95225230.0,рублей,95225.23,
RP_2016-03-07_N389-r_raspredelenie_2016,2016,Чувашская Республика,86038349.0,рублей,86038.349,
RP_2016-03-07_N389-r_raspredelenie_2016,2016,Алтайский край,158384524.0,рублей,158384.524,
RP_2016-03-07_N389-r_raspredelenie_2016,2016,Забайкальский край,72422543.0,рублей,72422.543,
RP_2016-03-07_N389-r_raspredelenie_2016,2016,Камчатский край,24347569.0,рублей,24347.569,
RP_2016-03-07_N389-r_raspredelenie_2016,2016,Краснодарский край,375086292.0,рублей,375086.292,
RP_2016-03-07_N389-r_raspredelenie_2016,2016,Красноярский край,191310430.0,рублей,191310.43,
RP_2016-03-07_N389-r_raspredelenie_2016,2016,Пермский край,168383629.0,рублей,168383.629,
RP_2016-03-07_N389-r_raspredelenie_2016,2016,Приморский край,146958784.0,рублей,146958.784,
RP_2016-03-07_N389-r_raspredelenie_2016,2016,Ставропольский край,185801638.0,рублей,185801.638,
RP_2016-03-07_N389-r_raspredelenie_2016,2016,Хабаровский край,102664981.0,рублей,102664.981,
RP_2016-03-07_N389-r_raspredelenie_2016,2016,Амурская область,62123737.0,рублей,62123.737,
RP_2016-03-07_N389-r_raspredelenie_2016,2016,Архангельская область,74753416.0,рублей,74753.416,
RP_2016-03-07_N389-r_raspredelenie_2016,2016,Астраханская область,67866286.0,рублей,67866.286,
RP_2016-03-07_N389-r_raspredelenie_2016,2016,Белгородская область,102795055.0,рублей,102795.055,
RP_2016-03-07_N389-r_raspredelenie_2016,2016,Брянская область,42432879.0,рублей,42432.879,
RP_2016-03-07_N389-r_raspredelenie_2016,2016,Владимирская область,95413733.0,рублей,95413.733,
RP_2016-03-07_N389-r_raspredelenie_2016,2016,Волгоградская область,172864894.0,рублей,172864.894,
RP_2016-03-07_N389-r_raspredelenie_2016,2016,Вологодская область,82689071.0,рублей,82689.071,
RP_2016-03-07_N389-r_raspredelenie_2016,2016,Воронежская область,144594743.0,рублей,144594.743,
RP_2016-03-07_N389-r_raspredelenie_2016,2016,Ивановская область,69313724.0,рублей,69313.724,
RP_2016-03-07_N389-r_raspredelenie_2016,2016,Иркутская область,147056146.0,рублей,147056.146,
RP_2016-03-07_N389-r_raspredelenie_2016,2016,Калининградская область,59630771.0,рублей,59630.771,
RP_2016-03-07_N389-r_raspredelenie_2016,2016,Калужская область,68654208.0,рублей,68654.208,
RP_2016-03-07_N389-r_raspredelenie_2016,2016,Кемеровская область,190993281.0,рублей,190993.281,
RP_2016-03-07_N389-r_raspredelenie_2016,2016,Кировская область,90601030.0,рублей,90601.03,
RP_2016-03-07_N389-r_raspredelenie_2016,2016,Костромская область,38652251.0,рублей,38652.251,
RP_2016-03-07_N389-r_raspredelenie_2016,2016,Курганская область,58123254.0,рублей,58123.254,
RP_2016-03-07_N389-r_raspredelenie_2016,2016,Курская область,75294789.0,рублей,75294.789,
RP_2016-03-07_N389-r_raspredelenie_2016,2016,Ленинградская область,119511206.0,рублей,119511.206,
RP_2016-03-07_N389-r_raspredelenie_2016,2016,Липецкая область,77250185.0,рублей,77250.185,
RP_2016-03-07_N389-r_raspredelenie_2016,2016,Магаданская область,10696132.0,рублей,10696.132,
RP_2016-03-07_N389-r_raspredelenie_2016,2016,Московская область,470805616.0,рублей,470805.616,
RP_2016-03-07_N389-r_raspredelenie_2016,2016,Мурманская область,51654279.0,рублей,51654.279,
RP_2016-03-07_N389-r_raspredelenie_2016,2016,Нижегородская область,220441300.0,рублей,220441.3,
RP_2016-03-07_N389-r_raspredelenie_2016,2016,Новгородская область,43364605.0,рублей,43364.605,
RP_2016-03-07_N389-r_raspredelenie_2016,2016,Новосибирская область,180866906.0,рублей,180866.906,
RP_2016-03-07_N389-r_raspredelenie_2016,2016,Омская область,132103659.0,рублей,132103.659,
RP_2016-03-07_N389-r_raspredelenie_2016,2016,Оренбургская область,74035495.0,рублей,74035.495,
RP_2016-03-07_N389-r_raspredelenie_2016,2016,Орловская область,53685331.0,рублей,53685.331,
RP_2016-03-07_N389-r_raspredelenie_2016,2016,Пензенская область,91515512.0,рублей,91515.512,
RP_2016-03-07_N389-r_raspredelenie_2016,2016,Псковская область,43229874.0,рублей,43229.874,
RP_2016-03-07_N389-r_raspredelenie_2016,2016,Ростовская область,282936926.0,рублей,282936.926,
RP_2016-03-07_N389-r_raspredelenie_2016,2016,Рязанская область,78830836.0,рублей,78830.836,
RP_2016-03-07_N389-r_raspredelenie_2016,2016,Самарская область,216457144.0,рублей,216457.144,
RP_2016-03-07_N389-r_raspredelenie_2016,2016,Саратовская область,174817392.0,рублей,174817.392,
RP_2016-03-07_N389-r_raspredelenie_2016,2016,Сахалинская область,37382686.0,рублей,37382.686,
RP_2016-03-07_N389-r_raspredelenie_2016,2016,Свердловская область,288703478.0,рублей,288703.478,
RP_2016-03-07_N389-r_raspredelenie_2016,2016,Смоленская область,65099506.0,рублей,65099.506,
RP_2016-03-07_N389-r_raspredelenie_2016,2016,Тамбовская область,68564499.0,рублей,68564.499,
RP_2016-03-07_N389-r_raspredelenie_2016,2016,Тверская область,88883731.0,рублей,88883.731,
RP_2016-03-07_N389-r_raspredelenie_2016,2016,Томская область,74596788.0,рублей,74596.788,
RP_2016-03-07_N389-r_raspredelenie_2016,2016,Тульская область,102663793.0,рублей,102663.793,
RP_2016-03-07_N389-r_raspredelenie_2016,2016,Тюменская область,94924283.0,рублей,94924.283,
RP_2016-03-07_N389-r_raspredelenie_2016,2016,Ульяновская область,83293446.0,рублей,83293.446,
RP_2016-03-07_N389-r_raspredelenie_2016,2016,Челябинская область,241412677.0,рублей,241412.677,
RP_2016-03-07_N389-r_raspredelenie_2016,2016,Ярославская область,82345192.0,рублей,82345.192,
RP_2016-03-07_N389-r_raspredelenie_2016,2016,Город Москва,705299334.0,рублей,705299.334,
RP_2016-03-07_N389-r_raspredelenie_2016,2016,Город Санкт-Петербург,329511571.0,рублей,329511.571,
RP_2016-03-07_N389-r_raspredelenie_2016,2016,Город Севастополь,27977035.0,рублей,27977.035,
RP_2016-03-07_N389-r_raspredelenie_2016,2016,Еврейская автономная область,7349056.0,рублей,7349.056,
RP_2016-03-07_N389-r_raspredelenie_2016,2016,Ненецкий автономный округ,3008422.0,рублей,3008.422,
RP_2016-03-07_N389-r_raspredelenie_2016,2016,Ханты-Мансийский автономный округ - Югра,110170578.0,рублей,110170.578,
RP_2016-03-07_N389-r_raspredelenie_2016,2016,Чукотский автономный округ,3861329.0,рублей,3861.329,
RP_2016-03-07_N389-r_raspredelenie_2016,2016,Ямало-Ненецкий автономный округ,32832896.0,рублей,32832.896,
RP_2016-03-07_N389-r_raspredelenie_2016,2016,Всего,9612914000.0,рублей,9612914.0,
RP_2017-01-28_N129-r_raspredelenie_2017,2017,Республика Адыгея,209061529.34,рублей,209061.52934,
RP_2017-01-28_N129-r_raspredelenie_2017,2017,Республика Алтай,14805196.55,рублей,14805.19655,
RP_2017-01-28_N129-r_raspredelenie_2017,2017,Республика Башкортостан,255973535.97,рублей,255973.53597,
RP_2017-01-28_N129-r_raspredelenie_2017,2017,Республика Бурятия,66407979.5,рублей,66407.9795,
RP_2017-01-28_N129-r_raspredelenie_2017,2017,Республика Дагестан,265926101.98,рублей,265926.10198,
RP_2017-01-28_N129-r_raspredelenie_2017,2017,Республика Ингушетия,9006066.23,рублей,9006.06623,
RP_2017-01-28_N129-r_raspredelenie_2017,2017,Кабардино-Балкарская Республика,52042165.33,рублей,52042.165329999996,
RP_2017-01-28_N129-r_raspredelenie_2017,2017,Республика Калмыкия,16936175.53,рублей,16936.17553,
RP_2017-01-28_N129-r_raspredelenie_2017,2017,Карачаево-Черкесская Республика,25914899.02,рублей,25914.89902,
RP_2017-01-28_N129-r_raspredelenie_2017,2017,Республика Карелия,51556122.43,рублей,51556.12243,
RP_2017-01-28_N129-r_raspredelenie_2017,2017,Республика Коми,25384429.41,рублей,25384.42941,
RP_2017-01-28_N129-r_raspredelenie_2017,2017,Республика Крым,194199573.74,рублей,194199.57374000002,
RP_2017-01-28_N129-r_raspredelenie_2017,2017,Республика Марий Эл,38696559.89,рублей,38696.559890000004,
RP_2017-01-28_N129-r_raspredelenie_2017,2017,Республика Мордовия,34176090.49,рублей,34176.09049,
RP_2017-01-28_N129-r_raspredelenie_2017,2017,Республика Саха (Якутия),102372307.64,рублей,102372.30764,
RP_2017-01-28_N129-r_raspredelenie_2017,2017,Республика Северная Осетия - Алания,30918435.9,рублей,30918.435899999997,
RP_2017-01-28_N129-r_raspredelenie_2017,2017,Республика Татарстан,248762190.1,рублей,248762.1901,
RP_2017-01-28_N129-r_raspredelenie_2017,2017,Республика Тыва,23433293.1,рублей,23433.293100000003,
RP_2017-01-28_N129-r_raspredelenie_2017,2017,Удмуртская Республика,63684232.07,рублей,63684.23207,
RP_2017-01-28_N129-r_raspredelenie_2017,2017,Республика Хакасия,9904430.56,рублей,9904.43056,
RP_2017-01-28_N129-r_raspredelenie_2017,2017,Чеченская Республика,176563193.3,рублей,176563.1933,
RP_2017-01-28_N129-r_raspredelenie_2017,2017,Чувашская Республика,106165337.63,рублей,106165.33763,
RP_2017-01-28_N129-r_raspredelenie_2017,2017,Алтайский край,127666540.89,рублей,127666.54089,
RP_2017-01-28_N129-r_raspredelenie_2017,2017,Забайкальский край,33214285.71,рублей,33214.285710000004,
RP_2017-01-28_N129-r_raspredelenie_2017,2017,Камчатский край,28912233.31,рублей,28912.23331,
RP_2017-01-28_N129-r_raspredelenie_2017,2017,Краснодарский край,252325002.0,рублей,252325.002,
RP_2017-01-28_N129-r_raspredelenie_2017,2017,Красноярский край,75302583.14,рублей,75302.58314,
RP_2017-01-28_N129-r_raspredelenie_2017,2017,Пермский край,87459944.68,рублей,87459.94468,
RP_2017-01-28_N129-r_raspredelenie_2017,2017,Приморский край,92006000.0,рублей,92006.0,
RP_2017-01-28_N129-r_raspredelenie_2017,2017,Ставропольский край,218569542.03,рублей,218569.54203,
RP_2017-01-28_N129-r_raspredelenie_2017,2017,Хабаровский край,87755530.0,рублей,87755.53,
RP_2017-01-28_N129-r_raspredelenie_2017,2017,Амурская область,5439500.0,рублей,5439.5,
RP_2017-01-28_N129-r_raspredelenie_2017,2017,Архангельская область,51161267.13,рублей,51161.26713,
RP_2017-01-28_N129-r_raspredelenie_2017,2017,Астраханская область,46512833.55,рублей,46512.833549999996,
RP_2017-01-28_N129-r_raspredelenie_2017,2017,Белгородская область,82849632.54,рублей,82849.63254,
RP_2017-01-28_N129-r_raspredelenie_2017,2017,Брянская область,345365178.74,рублей,345365.17874,
RP_2017-01-28_N129-r_raspredelenie_2017,2017,Владимирская область,90153257.57,рублей,90153.25756999999,
RP_2017-01-28_N129-r_raspredelenie_2017,2017,Волгоградская область,124361076.47,рублей,124361.07647,
RP_2017-01-28_N129-r_raspredelenie_2017,2017,Вологодская область,77539680.17,рублей,77539.68017,
RP_2017-01-28_N129-r_raspredelenie_2017,2017,Воронежская область,106322585.49,рублей,106322.58549,
RP_2017-01-28_N129-r_raspredelenie_2017,2017,Ивановская область,73914630.0,рублей,73914.63,
RP_2017-01-28_N129-r_raspredelenie_2017,2017,Иркутская область,144690912.27,рублей,144690.91227,
RP_2017-01-28_N129-r_raspredelenie_2017,2017,Калининградская область,46896495.37,рублей,46896.49537,
RP_2017-01-28_N129-r_raspredelenie_2017,2017,Калужская область,48873241.57,рублей,48873.24157,
RP_2017-01-28_N129-r_raspredelenie_2017,2017,Кемеровская область,91679800.66,рублей,91679.80066,
RP_2017-01-28_N129-r_raspredelenie_2017,2017,Кировская область,218429207.16,рублей,218429.20716,
RP_2017-01-28_N129-r_raspredelenie_2017,2017,Костромская область,64839457.5,рублей,64839.4575,
RP_2017-01-28_N129-r_raspredelenie_2017,2017,Курганская область,76657641.54,рублей,76657.64154000001,
RP_2017-01-28_N129-r_raspredelenie_2017,2017,Курская область,54110914.32,рублей,54110.91432,
RP_2017-01-28_N129-r_raspredelenie_2017,2017,Ленинградская область,42241738.0,рублей,42241.738,
RP_2017-01-28_N129-r_raspredelenie_2017,2017,Липецкая область,65354239.56,рублей,65354.23956,
RP_2017-01-28_N129-r_raspredelenie_2017,2017,Магаданская область,8289020.81,рублей,8289.02081,
RP_2017-01-28_N129-r_raspredelenie_2017,2017,Московская область,46750000.0,рублей,46750.0,
RP_2017-01-28_N129-r_raspredelenie_2017,2017,Мурманская область,26004274.55,рублей,26004.274550000002,
RP_2017-01-28_N129-r_raspredelenie_2017,2017,Нижегородская область,159821296.06,рублей,159821.29606,
RP_2017-01-28_N129-r_raspredelenie_2017,2017,Новгородская область,20597254.03,рублей,20597.25403,
RP_2017-01-28_N129-r_raspredelenie_2017,2017,Новосибирская область,150453698.57,рублей,150453.69856999998,
RP_2017-01-28_N129-r_raspredelenie_2017,2017,Омская область,121086541.07,рублей,121086.54106999999,
RP_2017-01-28_N129-r_raspredelenie_2017,2017,Оренбургская область,9000000.0,рублей,9000.0,
RP_2017-01-28_N129-r_raspredelenie_2017,2017,Орловская область,59342370.0,рублей,59342.37,
RP_2017-01-28_N129-r_raspredelenie_2017,2017,Пензенская область,285205113.79,рублей,285205.11379000003,
RP_2017-01-28_N129-r_raspredelenie_2017,2017,Псковская область,38673383.59,рублей,38673.383590000005,
RP_2017-01-28_N129-r_raspredelenie_2017,2017,Ростовская область,264345865.8,рублей,264345.8658,
RP_2017-01-28_N129-r_raspredelenie_2017,2017,Рязанская область,56124334.2,рублей,56124.334200000005,
RP_2017-01-28_N129-r_raspredelenie_2017,2017,Самарская область,91672000.0,рублей,91672.0,
RP_2017-01-28_N129-r_raspredelenie_2017,2017,Саратовская область,73122000.0,рублей,73122.0,
RP_2017-01-28_N129-r_raspredelenie_2017,2017,Свердловская область,164123478.67,рублей,164123.47866999998,
RP_2017-01-28_N129-r_raspredelenie_2017,2017,Смоленская область,318303390.5,рублей,318303.3905,
RP_2017-01-28_N129-r_raspredelenie_2017,2017,Тамбовская область,70085602.49,рублей,70085.60248999999,
RP_2017-01-28_N129-r_raspredelenie_2017,2017,Тверская область,63581612.35,рублей,63581.61235,
RP_2017-01-28_N129-r_raspredelenie_2017,2017,Томская область,70722517.81,рублей,70722.51781,
RP_2017-01-28_N129-r_raspredelenie_2017,2017,Тульская область,52898048.63,рублей,52898.048630000005,
RP_2017-01-28_N129-r_raspredelenie_2017,2017,Тюменская область,30676249.67,рублей,30676.24967,
RP_2017-01-28_N129-r_raspredelenie_2017,2017,Ульяновская область,74777000.0,рублей,74777.0,
RP_2017-01-28_N129-r_raspredelenie_2017,2017,Челябинская область,182341000.0,рублей,182341.0,
RP_2017-01-28_N129-r_raspredelenie_2017,2017,Ярославская область,43816424.0,рублей,43816.424,
RP_2017-01-28_N129-r_raspredelenie_2017,2017,Город Санкт-Петербург,59893240.0,рублей,59893.24,
RP_2017-01-28_N129-r_raspredelenie_2017,2017,Город Севастополь,40671689.02,рублей,40671.689020000005,
RP_2017-01-28_N129-r_raspredelenie_2017,2017,Еврейская автономная область,4326608.31,рублей,4326.60831,
RP_2017-01-28_N129-r_raspredelenie_2017,2017,Ненецкий автономный округ,390000.0,рублей,390.0,
RP_2017-01-28_N129-r_raspredelenie_2017,2017,Ханты-Мансийский автономный округ - Югра,35694389.0,рублей,35694.389,
RP_2017-01-28_N129-r_raspredelenie_2017,2017,Ямало-Ненецкий автономный округ,8700000.0,рублей,8700.0,
RP_2017-01-28_N129-r_raspredelenie_2017,2017,Всего,7513983200.0,рублей,7513983.2,
RP_2018-05-31_N1087-r_rezervnyi_fond_2018,2018,Республика Дагестан,110939.1,тыс. рублей,110939.1,"доп. распределение из резервного фонда, не полное"
RP_2018-05-31_N1087-r_rezervnyi_fond_2018,2018,Калужская область,74871.4,тыс. рублей,74871.4,"доп. распределение из резервного фонда, не полное"
RP_2018-05-31_N1087-r_rezervnyi_fond_2018,2018,Липецкая область,81788.2,тыс. рублей,81788.2,"доп. распределение из резервного фонда, не полное"
RP_2018-05-31_N1087-r_rezervnyi_fond_2018,2018,Смоленская область,74815.3,тыс. рублей,74815.3,"доп. распределение из резервного фонда, не полное"
RP_2018-05-31_N1087-r_rezervnyi_fond_2018,2018,Ярославская область,66346.9,тыс. рублей,66346.9,"доп. распределение из резервного фонда, не полное"
RP_2018-05-31_N1087-r_rezervnyi_fond_2018,2018,Всего,408760.9,тыс. рублей,408760.9,"доп. распределение из резервного фонда, не полное"
RP_2019-07-09_N1498-r_izm_raspredelenie_2019,2019,Республика Адыгея,109342.7,тыс. рублей,109342.7,в источнике колонки 2019/2020/2021; взята первая (2019)
RP_2019-07-09_N1498-r_izm_raspredelenie_2019,2019,Республика Алтай,64060.0,тыс. рублей,64060.0,в источнике колонки 2019/2020/2021; взята первая (2019)
RP_2019-07-09_N1498-r_izm_raspredelenie_2019,2019,Республика Башкортостан,347465.0,тыс. рублей,347465.0,в источнике колонки 2019/2020/2021; взята первая (2019)
RP_2019-07-09_N1498-r_izm_raspredelenie_2019,2019,Республика Бурятия,195443.9,тыс. рублей,195443.9,в источнике колонки 2019/2020/2021; взята первая (2019)
RP_2019-07-09_N1498-r_izm_raspredelenie_2019,2019,Республика Дагестан,540519.9,тыс. рублей,540519.9,в источнике колонки 2019/2020/2021; взята первая (2019)
RP_2019-07-09_N1498-r_izm_raspredelenie_2019,2019,Республика Ингушетия,63527.9,тыс. рублей,63527.9,в источнике колонки 2019/2020/2021; взята первая (2019)
RP_2019-07-09_N1498-r_izm_raspredelenie_2019,2019,Кабардино-Балкарская Республика,157196.5,тыс. рублей,157196.5,в источнике колонки 2019/2020/2021; взята первая (2019)
RP_2019-07-09_N1498-r_izm_raspredelenie_2019,2019,Республика Калмыкия,75025.7,тыс. рублей,75025.7,в источнике колонки 2019/2020/2021; взята первая (2019)
RP_2019-07-09_N1498-r_izm_raspredelenie_2019,2019,Карачаево-Черкесская Республика,118533.5,тыс. рублей,118533.5,в источнике колонки 2019/2020/2021; взята первая (2019)
RP_2019-07-09_N1498-r_izm_raspredelenie_2019,2019,Республика Карелия,546381.2,тыс. рублей,546381.2,в источнике колонки 2019/2020/2021; взята первая (2019)
RP_2019-07-09_N1498-r_izm_raspredelenie_2019,2019,Республика Коми,378774.8,тыс. рублей,378774.8,в источнике колонки 2019/2020/2021; взята первая (2019)
RP_2019-07-09_N1498-r_izm_raspredelenie_2019,2019,Республика Крым,458490.1,тыс. рублей,458490.1,в источнике колонки 2019/2020/2021; взята первая (2019)
RP_2019-07-09_N1498-r_izm_raspredelenie_2019,2019,Республика Марий Эл,185243.8,тыс. рублей,185243.8,в источнике колонки 2019/2020/2021; взята первая (2019)
RP_2019-07-09_N1498-r_izm_raspredelenie_2019,2019,Республика Мордовия,388763.3,тыс. рублей,388763.3,в источнике колонки 2019/2020/2021; взята первая (2019)
RP_2019-07-09_N1498-r_izm_raspredelenie_2019,2019,Республика Саха (Якутия),300365.7,тыс. рублей,300365.7,в источнике колонки 2019/2020/2021; взята первая (2019)
RP_2019-07-09_N1498-r_izm_raspredelenie_2019,2019,Республика Северная Осетия - Алания,167903.8,тыс. рублей,167903.8,в источнике колонки 2019/2020/2021; взята первая (2019)
RP_2019-07-09_N1498-r_izm_raspredelenie_2019,2019,Республика Татарстан,936158.6,тыс. рублей,936158.6,в источнике колонки 2019/2020/2021; взята первая (2019)
RP_2019-07-09_N1498-r_izm_raspredelenie_2019,2019,Республика Тыва,306340.3,тыс. рублей,306340.3,в источнике колонки 2019/2020/2021; взята первая (2019)
RP_2019-07-09_N1498-r_izm_raspredelenie_2019,2019,Удмуртская Республика,724731.7,тыс. рублей,724731.7,в источнике колонки 2019/2020/2021; взята первая (2019)
RP_2019-07-09_N1498-r_izm_raspredelenie_2019,2019,Республика Хакасия,202481.0,тыс. рублей,202481.0,в источнике колонки 2019/2020/2021; взята первая (2019)
RP_2019-07-09_N1498-r_izm_raspredelenie_2019,2019,Чеченская Республика,304654.7,тыс. рублей,304654.7,в источнике колонки 2019/2020/2021; взята первая (2019)
RP_2019-07-09_N1498-r_izm_raspredelenie_2019,2019,Чувашская Республика,289690.8,тыс. рублей,289690.8,в источнике колонки 2019/2020/2021; взята первая (2019)
RP_2019-07-09_N1498-r_izm_raspredelenie_2019,2019,Алтайский край,198728.6,тыс. рублей,198728.6,в источнике колонки 2019/2020/2021; взята первая (2019)
RP_2019-07-09_N1498-r_izm_raspredelenie_2019,2019,Забайкальский край,230873.2,тыс. рублей,230873.2,в источнике колонки 2019/2020/2021; взята первая (2019)
RP_2019-07-09_N1498-r_izm_raspredelenie_2019,2019,Камчатский край,150226.4,тыс. рублей,150226.4,в источнике колонки 2019/2020/2021; взята первая (2019)
RP_2019-07-09_N1498-r_izm_raspredelenie_2019,2019,Краснодарский край,327520.8,тыс. рублей,327520.8,в источнике колонки 2019/2020/2021; взята первая (2019)
RP_2019-07-09_N1498-r_izm_raspredelenie_2019,2019,Красноярский край,260776.3,тыс. рублей,260776.3,в источнике колонки 2019/2020/2021; взята первая (2019)
RP_2019-07-09_N1498-r_izm_raspredelenie_2019,2019,Пермский край,417237.9,тыс. рублей,417237.9,в источнике колонки 2019/2020/2021; взята первая (2019)
RP_2019-07-09_N1498-r_izm_raspredelenie_2019,2019,Приморский край,619716.3,тыс. рублей,619716.3,в источнике колонки 2019/2020/2021; взята первая (2019)
RP_2019-07-09_N1498-r_izm_raspredelenie_2019,2019,Ставропольский край,778663.7,тыс. рублей,778663.7,в источнике колонки 2019/2020/2021; взята первая (2019)
RP_2019-07-09_N1498-r_izm_raspredelenie_2019,2019,Хабаровский край,297904.0,тыс. рублей,297904.0,в источнике колонки 2019/2020/2021; взята первая (2019)
RP_2019-07-09_N1498-r_izm_raspredelenie_2019,2019,Амурская область,391537.0,тыс. рублей,391537.0,в источнике колонки 2019/2020/2021; взята первая (2019)
RP_2019-07-09_N1498-r_izm_raspredelenie_2019,2019,Архангельская область,431264.9,тыс. рублей,431264.9,в источнике колонки 2019/2020/2021; взята первая (2019)
RP_2019-07-09_N1498-r_izm_raspredelenie_2019,2019,Астраханская область,232846.5,тыс. рублей,232846.5,в источнике колонки 2019/2020/2021; взята первая (2019)
RP_2019-07-09_N1498-r_izm_raspredelenie_2019,2019,Белгородская область,556330.8,тыс. рублей,556330.8,в источнике колонки 2019/2020/2021; взята первая (2019)
RP_2019-07-09_N1498-r_izm_raspredelenie_2019,2019,Брянская область,269516.0,тыс. рублей,269516.0,в источнике колонки 2019/2020/2021; взята первая (2019)
RP_2019-07-09_N1498-r_izm_raspredelenie_2019,2019,Владимирская область,377844.1,тыс. рублей,377844.1,в источнике колонки 2019/2020/2021; взята первая (2019)
RP_2019-07-09_N1498-r_izm_raspredelenie_2019,2019,Волгоградская область,205242.2,тыс. рублей,205242.2,в источнике колонки 2019/2020/2021; взята первая (2019)
RP_2019-07-09_N1498-r_izm_raspredelenie_2019,2019,Вологодская область,250726.3,тыс. рублей,250726.3,в источнике колонки 2019/2020/2021; взята первая (2019)
RP_2019-07-09_N1498-r_izm_raspredelenie_2019,2019,Воронежская область,285616.6,тыс. рублей,285616.6,в источнике колонки 2019/2020/2021; взята первая (2019)
RP_2019-07-09_N1498-r_izm_raspredelenie_2019,2019,Ивановская область,170271.4,тыс. рублей,170271.4,в источнике колонки 2019/2020/2021; взята первая (2019)
RP_2019-07-09_N1498-r_izm_raspredelenie_2019,2019,Иркутская область,244052.7,тыс. рублей,244052.7,в источнике колонки 2019/2020/2021; взята первая (2019)
RP_2019-07-09_N1498-r_izm_raspredelenie_2019,2019,Калининградская область,409724.3,тыс. рублей,409724.3,в источнике колонки 2019/2020/2021; взята первая (2019)
RP_2019-07-09_N1498-r_izm_raspredelenie_2019,2019,Калужская область,345958.9,тыс. рублей,345958.9,в источнике колонки 2019/2020/2021; взята первая (2019)
RP_2019-07-09_N1498-r_izm_raspredelenie_2019,2019,Кемеровская область - Кузбасс,946746.9,тыс. рублей,946746.9,в источнике колонки 2019/2020/2021; взята первая (2019)
RP_2019-07-09_N1498-r_izm_raspredelenie_2019,2019,Кировская область,295838.9,тыс. рублей,295838.9,в источнике колонки 2019/2020/2021; взята первая (2019)
RP_2019-07-09_N1498-r_izm_raspredelenie_2019,2019,Костромская область,286785.0,тыс. рублей,286785.0,в источнике колонки 2019/2020/2021; взята первая (2019)
RP_2019-07-09_N1498-r_izm_raspredelenie_2019,2019,Курганская область,444710.6,тыс. рублей,444710.6,в источнике колонки 2019/2020/2021; взята первая (2019)
RP_2019-07-09_N1498-r_izm_raspredelenie_2019,2019,Курская область,163914.5,тыс. рублей,163914.5,в источнике колонки 2019/2020/2021; взята первая (2019)
RP_2019-07-09_N1498-r_izm_raspredelenie_2019,2019,Ленинградская область,228529.8,тыс. рублей,228529.8,в источнике колонки 2019/2020/2021; взята первая (2019)
RP_2019-07-09_N1498-r_izm_raspredelenie_2019,2019,Липецкая область,205358.7,тыс. рублей,205358.7,в источнике колонки 2019/2020/2021; взята первая (2019)
RP_2019-07-09_N1498-r_izm_raspredelenie_2019,2019,Магаданская область,65468.8,тыс. рублей,65468.8,в источнике колонки 2019/2020/2021; взята первая (2019)
RP_2019-07-09_N1498-r_izm_raspredelenie_2019,2019,Московская область,273293.0,тыс. рублей,273293.0,в источнике колонки 2019/2020/2021; взята первая (2019)
RP_2019-07-09_N1498-r_izm_raspredelenie_2019,2019,Мурманская область,299233.7,тыс. рублей,299233.7,в источнике колонки 2019/2020/2021; взята первая (2019)
RP_2019-07-09_N1498-r_izm_raspredelenie_2019,2019,Нижегородская область,391339.2,тыс. рублей,391339.2,в источнике колонки 2019/2020/2021; взята первая (2019)
RP_2019-07-09_N1498-r_izm_raspredelenie_2019,2019,Новгородская область,201131.4,тыс. рублей,201131.4,в источнике колонки 2019/2020/2021; взята первая (2019)
RP_2019-07-09_N1498-r_izm_raspredelenie_2019,2019,Новосибирская область,991275.0,тыс. рублей,991275.0,в источнике колонки 2019/2020/2021; взята первая (2019)
RP_2019-07-09_N1498-r_izm_raspredelenie_2019,2019,Омская область,157658.4,тыс. рублей,157658.4,в источнике колонки 2019/2020/2021; взята первая (2019)
RP_2019-07-09_N1498-r_izm_raspredelenie_2019,2019,Оренбургская область,210618.6,тыс. рублей,210618.6,в источнике колонки 2019/2020/2021; взята первая (2019)
RP_2019-07-09_N1498-r_izm_raspredelenie_2019,2019,Орловская область,117335.9,тыс. рублей,117335.9,в источнике колонки 2019/2020/2021; взята первая (2019)
RP_2019-07-09_N1498-r_izm_raspredelenie_2019,2019,Пензенская область,411932.9,тыс. рублей,411932.9,в источнике колонки 2019/2020/2021; взята первая (2019)
RP_2019-07-09_N1498-r_izm_raspredelenie_2019,2019,Псковская область,444447.3,тыс. рублей,444447.3,в источнике колонки 2019/2020/2021; взята первая (2019)
RP_2019-07-09_N1498-r_izm_raspredelenie_2019,2019,Ростовская область,445873.6,тыс. рублей,445873.6,в источнике колонки 2019/2020/2021; взята первая (2019)
RP_2019-07-09_N1498-r_izm_raspredelenie_2019,2019,Рязанская область,131709.3,тыс. рублей,131709.3,в источнике колонки 2019/2020/2021; взята первая (2019)
RP_2019-07-09_N1498-r_izm_raspredelenie_2019,2019,Самарская область,279781.4,тыс. рублей,279781.4,в источнике колонки 2019/2020/2021; взята первая (2019)
RP_2019-07-09_N1498-r_izm_raspredelenie_2019,2019,Саратовская область,457563.2,тыс. рублей,457563.2,в источнике колонки 2019/2020/2021; взята первая (2019)
RP_2019-07-09_N1498-r_izm_raspredelenie_2019,2019,Сахалинская область,166124.6,тыс. рублей,166124.6,в источнике колонки 2019/2020/2021; взята первая (2019)
RP_2019-07-09_N1498-r_izm_raspredelenie_2019,2019,Свердловская область,1057224.7,тыс. рублей,1057224.7,в источнике колонки 2019/2020/2021; взята первая (2019)
RP_2019-07-09_N1498-r_izm_raspredelenie_2019,2019,Смоленская область,508596.1,тыс. рублей,508596.1,в источнике колонки 2019/2020/2021; взята первая (2019)
RP_2019-07-09_N1498-r_izm_raspredelenie_2019,2019,Тамбовская область,267487.4,тыс. рублей,267487.4,в источнике колонки 2019/2020/2021; взята первая (2019)
RP_2019-07-09_N1498-r_izm_raspredelenie_2019,2019,Тверская область,346916.7,тыс. рублей,346916.7,в источнике колонки 2019/2020/2021; взята первая (2019)
RP_2019-07-09_N1498-r_izm_raspredelenie_2019,2019,Томская область,176380.7,тыс. рублей,176380.7,в источнике колонки 2019/2020/2021; взята первая (2019)
RP_2019-07-09_N1498-r_izm_raspredelenie_2019,2019,Тульская область,423658.7,тыс. рублей,423658.7,в источнике колонки 2019/2020/2021; взята первая (2019)
RP_2019-07-09_N1498-r_izm_raspredelenie_2019,2019,Тюменская область,44864.8,тыс. рублей,44864.8,в источнике колонки 2019/2020/2021; взята первая (2019)
RP_2019-07-09_N1498-r_izm_raspredelenie_2019,2019,Ульяновская область,664750.9,тыс. рублей,664750.9,в источнике колонки 2019/2020/2021; взята первая (2019)
RP_2019-07-09_N1498-r_izm_raspredelenie_2019,2019,Челябинская область,355015.4,тыс. рублей,355015.4,в источнике колонки 2019/2020/2021; взята первая (2019)
RP_2019-07-09_N1498-r_izm_raspredelenie_2019,2019,Ярославская область,307414.5,тыс. рублей,307414.5,в источнике колонки 2019/2020/2021; взята первая (2019)
RP_2019-07-09_N1498-r_izm_raspredelenie_2019,2019,Город Санкт-Петербург,138908.8,тыс. рублей,138908.8,в источнике колонки 2019/2020/2021; взята первая (2019)
RP_2019-07-09_N1498-r_izm_raspredelenie_2019,2019,Город Севастополь,293120.4,тыс. рублей,293120.4,в источнике колонки 2019/2020/2021; взята первая (2019)
RP_2019-07-09_N1498-r_izm_raspredelenie_2019,2019,Еврейская автономная область,144664.2,тыс. рублей,144664.2,в источнике колонки 2019/2020/2021; взята первая (2019)
RP_2019-07-09_N1498-r_izm_raspredelenie_2019,2019,Ненецкий автономный округ,113164.2,тыс. рублей,113164.2,в источнике колонки 2019/2020/2021; взята первая (2019)
RP_2019-07-09_N1498-r_izm_raspredelenie_2019,2019,Ханты-Мансийский автономный округ - Югра,223135.1,тыс. рублей,223135.1,в источнике колонки 2019/2020/2021; взята первая (2019)
RP_2019-07-09_N1498-r_izm_raspredelenie_2019,2019,Чукотский автономный округ,166722.1,тыс. рублей,166722.1,в источнике колонки 2019/2020/2021; взята первая (2019)
RP_2019-07-09_N1498-r_izm_raspredelenie_2019,2019,Ямало-Ненецкий автономный округ,18505.5,тыс. рублей,18505.5,в источнике колонки 2019/2020/2021; взята первая (2019)
RP_2019-07-09_N1498-r_izm_raspredelenie_2019,2019,Всего,27180874.7,тыс. рублей,27180874.7,в источнике колонки 2019/2020/2021; взята первая (2019)
RP_2019-09-30_N2250-r_izm_raspredelenie_2019,2019,Республика Адыгея,224877.4,тыс. рублей,224877.4,в источнике колонки 2019/2020/2021; взята первая (2019)
RP_2019-09-30_N2250-r_izm_raspredelenie_2019,2019,Республика Алтай,314060.0,тыс. рублей,314060.0,в источнике колонки 2019/2020/2021; взята первая (2019)
RP_2019-09-30_N2250-r_izm_raspredelenie_2019,2019,Республика Башкортостан,359303.0,тыс. рублей,359303.0,в источнике колонки 2019/2020/2021; взята первая (2019)
RP_2019-09-30_N2250-r_izm_raspredelenie_2019,2019,Республика Бурятия,219467.8,тыс. рублей,219467.8,в источнике колонки 2019/2020/2021; взята первая (2019)
RP_2019-09-30_N2250-r_izm_raspredelenie_2019,2019,Республика Дагестан,846156.1,тыс. рублей,846156.1,в источнике колонки 2019/2020/2021; взята первая (2019)
RP_2019-09-30_N2250-r_izm_raspredelenie_2019,2019,Республика Ингушетия,70406.9,тыс. рублей,70406.9,в источнике колонки 2019/2020/2021; взята первая (2019)
RP_2019-09-30_N2250-r_izm_raspredelenie_2019,2019,Кабардино-Балкарская Республика,190818.9,тыс. рублей,190818.9,в источнике колонки 2019/2020/2021; взята первая (2019)
RP_2019-09-30_N2250-r_izm_raspredelenie_2019,2019,Республика Калмыкия,325025.7,тыс. рублей,325025.7,в источнике колонки 2019/2020/2021; взята первая (2019)
RP_2019-09-30_N2250-r_izm_raspredelenie_2019,2019,Карачаево-Черкесская Республика,137943.2,тыс. рублей,137943.2,в источнике колонки 2019/2020/2021; взята первая (2019)
RP_2019-09-30_N2250-r_izm_raspredelenie_2019,2019,Республика Карелия,863430.3,тыс. рублей,863430.3,в источнике колонки 2019/2020/2021; взята первая (2019)
RP_2019-09-30_N2250-r_izm_raspredelenie_2019,2019,Республика Коми,477270.9,тыс. рублей,477270.9,в источнике колонки 2019/2020/2021; взята первая (2019)
RP_2019-09-30_N2250-r_izm_raspredelenie_2019,2019,Республика Крым,581176.4,тыс. рублей,581176.4,в источнике колонки 2019/2020/2021; взята первая (2019)
RP_2019-09-30_N2250-r_izm_raspredelenie_2019,2019,Республика Марий Эл,223146.5,тыс. рублей,223146.5,в источнике колонки 2019/2020/2021; взята первая (2019)
RP_2019-09-30_N2250-r_izm_raspredelenie_2019,2019,Республика Мордовия,393905.5,тыс. рублей,393905.5,в источнике колонки 2019/2020/2021; взята первая (2019)
RP_2019-09-30_N2250-r_izm_raspredelenie_2019,2019,Республика Саха (Якутия),354122.0,тыс. рублей,354122.0,в источнике колонки 2019/2020/2021; взята первая (2019)
RP_2019-09-30_N2250-r_izm_raspredelenie_2019,2019,Республика Северная Осетия - Алания,203587.3,тыс. рублей,203587.3,в источнике колонки 2019/2020/2021; взята первая (2019)
RP_2019-09-30_N2250-r_izm_raspredelenie_2019,2019,Республика Татарстан,1215838.5,тыс. рублей,1215838.5,в источнике колонки 2019/2020/2021; взята первая (2019)
RP_2019-09-30_N2250-r_izm_raspredelenie_2019,2019,Республика Тыва,526340.3,тыс. рублей,526340.3,в источнике колонки 2019/2020/2021; взята первая (2019)
RP_2019-09-30_N2250-r_izm_raspredelenie_2019,2019,Удмуртская Республика,1048798.0,тыс. рублей,1048798.0,в источнике колонки 2019/2020/2021; взята первая (2019)
RP_2019-09-30_N2250-r_izm_raspredelenie_2019,2019,Республика Хакасия,202481.0,тыс. рублей,202481.0,в источнике колонки 2019/2020/2021; взята первая (2019)
RP_2019-09-30_N2250-r_izm_raspredelenie_2019,2019,Чеченская Республика,317565.1,тыс. рублей,317565.1,в источнике колонки 2019/2020/2021; взята первая (2019)
RP_2019-09-30_N2250-r_izm_raspredelenie_2019,2019,Чувашская Республика,592959.3,тыс. рублей,592959.3,в источнике колонки 2019/2020/2021; взята первая (2019)
RP_2019-09-30_N2250-r_izm_raspredelenie_2019,2019,Алтайский край,298728.6,тыс. рублей,298728.6,в источнике колонки 2019/2020/2021; взята первая (2019)
RP_2019-09-30_N2250-r_izm_raspredelenie_2019,2019,Забайкальский край,730873.2,тыс. рублей,730873.2,в источнике колонки 2019/2020/2021; взята первая (2019)
RP_2019-09-30_N2250-r_izm_raspredelenie_2019,2019,Камчатский край,168323.0,тыс. рублей,168323.0,в источнике колонки 2019/2020/2021; взята первая (2019)
RP_2019-09-30_N2250-r_izm_raspredelenie_2019,2019,Краснодарский край,337990.3,тыс. рублей,337990.3,в источнике колонки 2019/2020/2021; взята первая (2019)
RP_2019-09-30_N2250-r_izm_raspredelenie_2019,2019,Красноярский край,263744.1,тыс. рублей,263744.1,в источнике колонки 2019/2020/2021; взята первая (2019)
RP_2019-09-30_N2250-r_izm_raspredelenie_2019,2019,Пермский край,515307.1,тыс. рублей,515307.1,в источнике колонки 2019/2020/2021; взята первая (2019)
RP_2019-09-30_N2250-r_izm_raspredelenie_2019,2019,Приморский край,795736.9,тыс. рублей,795736.9,в источнике колонки 2019/2020/2021; взята первая (2019)
RP_2019-09-30_N2250-r_izm_raspredelenie_2019,2019,Ставропольский край,800039.1,тыс. рублей,800039.1,в источнике колонки 2019/2020/2021; взята первая (2019)
RP_2019-09-30_N2250-r_izm_raspredelenie_2019,2019,Хабаровский край,305993.0,тыс. рублей,305993.0,в источнике колонки 2019/2020/2021; взята первая (2019)
RP_2019-09-30_N2250-r_izm_raspredelenie_2019,2019,Амурская область,459684.0,тыс. рублей,459684.0,в источнике колонки 2019/2020/2021; взята первая (2019)
RP_2019-09-30_N2250-r_izm_raspredelenie_2019,2019,Архангельская область,465059.4,тыс. рублей,465059.4,в источнике колонки 2019/2020/2021; взята первая (2019)
RP_2019-09-30_N2250-r_izm_raspredelenie_2019,2019,Астраханская область,287649.4,тыс. рублей,287649.4,в источнике колонки 2019/2020/2021; взята первая (2019)
RP_2019-09-30_N2250-r_izm_raspredelenie_2019,2019,Белгородская область,620701.0,тыс. рублей,620701.0,в источнике колонки 2019/2020/2021; взята первая (2019)
RP_2019-09-30_N2250-r_izm_raspredelenie_2019,2019,Брянская область,306215.7,тыс. рублей,306215.7,в источнике колонки 2019/2020/2021; взята первая (2019)
RP_2019-09-30_N2250-r_izm_raspredelenie_2019,2019,Владимирская область,723531.6,тыс. рублей,723531.6,в источнике колонки 2019/2020/2021; взята первая (2019)
RP_2019-09-30_N2250-r_izm_raspredelenie_2019,2019,Волгоградская область,208795.3,тыс. рублей,208795.3,в источнике колонки 2019/2020/2021; взята первая (2019)
RP_2019-09-30_N2250-r_izm_raspredelenie_2019,2019,Вологодская область,258982.4,тыс. рублей,258982.4,в источнике колонки 2019/2020/2021; взята первая (2019)
RP_2019-09-30_N2250-r_izm_raspredelenie_2019,2019,Воронежская область,311649.5,тыс. рублей,311649.5,в источнике колонки 2019/2020/2021; взята первая (2019)
RP_2019-09-30_N2250-r_izm_raspredelenie_2019,2019,Ивановская область,170271.4,тыс. рублей,170271.4,в источнике колонки 2019/2020/2021; взята первая (2019)
RP_2019-09-30_N2250-r_izm_raspredelenie_2019,2019,Иркутская область,244052.7,тыс. рублей,244052.7,в источнике колонки 2019/2020/2021; взята первая (2019)
RP_2019-09-30_N2250-r_izm_raspredelenie_2019,2019,Калининградская область,413110.7,тыс. рублей,413110.7,в источнике колонки 2019/2020/2021; взята первая (2019)
RP_2019-09-30_N2250-r_izm_raspredelenie_2019,2019,Калужская область,430766.1,тыс. рублей,430766.1,в источнике колонки 2019/2020/2021; взята первая (2019)
RP_2019-09-30_N2250-r_izm_raspredelenie_2019,2019,Кемеровская область - Кузбасс,1073888.5,тыс. рублей,1073888.5,в источнике колонки 2019/2020/2021; взята первая (2019)
RP_2019-09-30_N2250-r_izm_raspredelenie_2019,2019,Кировская область,344640.4,тыс. рублей,344640.4,в источнике колонки 2019/2020/2021; взята первая (2019)
RP_2019-09-30_N2250-r_izm_raspredelenie_2019,2019,Костромская область,335319.7,тыс. рублей,335319.7,в источнике колонки 2019/2020/2021; взята первая (2019)
RP_2019-09-30_N2250-r_izm_raspredelenie_2019,2019,Курганская область,894710.6,тыс. рублей,894710.6,в источнике колонки 2019/2020/2021; взята первая (2019)
RP_2019-09-30_N2250-r_izm_raspredelenie_2019,2019,Курская область,169402.4,тыс. рублей,169402.4,в источнике колонки 2019/2020/2021; взята первая (2019)
RP_2019-09-30_N2250-r_izm_raspredelenie_2019,2019,Ленинградская область,273182.9,тыс. рублей,273182.9,в источнике колонки 2019/2020/2021; взята первая (2019)
RP_2019-09-30_N2250-r_izm_raspredelenie_2019,2019,Липецкая область,205358.7,тыс. рублей,205358.7,в источнике колонки 2019/2020/2021; взята первая (2019)
RP_2019-09-30_N2250-r_izm_raspredelenie_2019,2019,Магаданская область,65468.8,тыс. рублей,65468.8,в источнике колонки 2019/2020/2021; взята первая (2019)
RP_2019-09-30_N2250-r_izm_raspredelenie_2019,2019,Московская область,273293.0,тыс. рублей,273293.0,в источнике колонки 2019/2020/2021; взята первая (2019)
RP_2019-09-30_N2250-r_izm_raspredelenie_2019,2019,Мурманская область,343649.8,тыс. рублей,343649.8,в источнике колонки 2019/2020/2021; взята первая (2019)
RP_2019-09-30_N2250-r_izm_raspredelenie_2019,2019,Нижегородская область,674567.8,тыс. рублей,674567.8,в источнике колонки 2019/2020/2021; взята первая (2019)
RP_2019-09-30_N2250-r_izm_raspredelenie_2019,2019,Новгородская область,224684.6,тыс. рублей,224684.6,в источнике колонки 2019/2020/2021; взята первая (2019)
RP_2019-09-30_N2250-r_izm_raspredelenie_2019,2019,Новосибирская область,1279710.5,тыс. рублей,1279710.5,в источнике колонки 2019/2020/2021; взята первая (2019)
RP_2019-09-30_N2250-r_izm_raspredelenie_2019,2019,Омская область,157658.4,тыс. рублей,157658.4,в источнике колонки 2019/2020/2021; взята первая (2019)
RP_2019-09-30_N2250-r_izm_raspredelenie_2019,2019,Оренбургская область,213614.8,тыс. рублей,213614.8,в источнике колонки 2019/2020/2021; взята первая (2019)
RP_2019-09-30_N2250-r_izm_raspredelenie_2019,2019,Орловская область,119621.2,тыс. рублей,119621.2,в источнике колонки 2019/2020/2021; взята первая (2019)
RP_2019-09-30_N2250-r_izm_raspredelenie_2019,2019,Пензенская область,514163.1,тыс. рублей,514163.1,в источнике колонки 2019/2020/2021; взята первая (2019)
RP_2019-09-30_N2250-r_izm_raspredelenie_2019,2019,Псковская область,477906.5,тыс. рублей,477906.5,в источнике колонки 2019/2020/2021; взята первая (2019)
RP_2019-09-30_N2250-r_izm_raspredelenie_2019,2019,Ростовская область,499843.6,тыс. рублей,499843.6,в источнике колонки 2019/2020/2021; взята первая (2019)
RP_2019-09-30_N2250-r_izm_raspredelenie_2019,2019,Рязанская область,381209.3,тыс. рублей,381209.3,в источнике колонки 2019/2020/2021; взята первая (2019)
RP_2019-09-30_N2250-r_izm_raspredelenie_2019,2019,Самарская область,283072.3,тыс. рублей,283072.3,в источнике колонки 2019/2020/2021; взята первая (2019)
RP_2019-09-30_N2250-r_izm_raspredelenie_2019,2019,Саратовская область,465283.3,тыс. рублей,465283.3,в источнике колонки 2019/2020/2021; взята первая (2019)
RP_2019-09-30_N2250-r_izm_raspredelenie_2019,2019,Сахалинская область,203099.4,тыс. рублей,203099.4,в источнике колонки 2019/2020/2021; взята первая (2019)
RP_2019-09-30_N2250-r_izm_raspredelenie_2019,2019,Свердловская область,1373769.7,тыс. рублей,1373769.7,в источнике колонки 2019/2020/2021; взята первая (2019)
RP_2019-09-30_N2250-r_izm_raspredelenie_2019,2019,Смоленская область,545504.1,тыс. рублей,545504.1,в источнике колонки 2019/2020/2021; взята первая (2019)
RP_2019-09-30_N2250-r_izm_raspredelenie_2019,2019,Тамбовская область,332499.0,тыс. рублей,332499.0,в источнике колонки 2019/2020/2021; взята первая (2019)
RP_2019-09-30_N2250-r_izm_raspredelenie_2019,2019,Тверская область,434951.3,тыс. рублей,434951.3,в источнике колонки 2019/2020/2021; взята первая (2019)
RP_2019-09-30_N2250-r_izm_raspredelenie_2019,2019,Томская область,180370.3,тыс. рублей,180370.3,в источнике колонки 2019/2020/2021; взята первая (2019)
RP_2019-09-30_N2250-r_izm_raspredelenie_2019,2019,Тульская область,528724.7,тыс. рублей,528724.7,в источнике колонки 2019/2020/2021; взята первая (2019)
RP_2019-09-30_N2250-r_izm_raspredelenie_2019,2019,Тюменская область,47679.3,тыс. рублей,47679.3,в источнике колонки 2019/2020/2021; взята первая (2019)
RP_2019-09-30_N2250-r_izm_raspredelenie_2019,2019,Ульяновская область,664750.9,тыс. рублей,664750.9,в источнике колонки 2019/2020/2021; взята первая (2019)
RP_2019-09-30_N2250-r_izm_raspredelenie_2019,2019,Челябинская область,355015.4,тыс. рублей,355015.4,в источнике колонки 2019/2020/2021; взята первая (2019)
RP_2019-09-30_N2250-r_izm_raspredelenie_2019,2019,Ярославская область,313464.3,тыс. рублей,313464.3,в источнике колонки 2019/2020/2021; взята первая (2019)
RP_2019-09-30_N2250-r_izm_raspredelenie_2019,2019,Город Санкт-Петербург,138908.8,тыс. рублей,138908.8,в источнике колонки 2019/2020/2021; взята первая (2019)
RP_2019-09-30_N2250-r_izm_raspredelenie_2019,2019,Город Севастополь,377021.4,тыс. рублей,377021.4,в источнике колонки 2019/2020/2021; взята первая (2019)
RP_2019-09-30_N2250-r_izm_raspredelenie_2019,2019,Еврейская автономная область,154458.8,тыс. рублей,154458.8,в источнике колонки 2019/2020/2021; взята первая (2019)
RP_2019-09-30_N2250-r_izm_raspredelenie_2019,2019,Ненецкий автономный округ,115491.1,тыс. рублей,115491.1,в источнике колонки 2019/2020/2021; взята первая (2019)
RP_2019-09-30_N2250-r_izm_raspredelenie_2019,2019,Ханты-Мансийский автономный округ - Югра,244565.8,тыс. рублей,244565.8,в источнике колонки 2019/2020/2021; взята первая (2019)
RP_2019-09-30_N2250-r_izm_raspredelenie_2019,2019,Чукотский автономный округ,206498.1,тыс. рублей,206498.1,в источнике колонки 2019/2020/2021; взята первая (2019)
RP_2019-09-30_N2250-r_izm_raspredelenie_2019,2019,Ямало-Ненецкий автономный округ,23081.2,тыс. рублей,23081.2,в источнике колонки 2019/2020/2021; взята первая (2019)
RP_2019-09-30_N2250-r_izm_raspredelenie_2019,2019,Всего,34315988.4,тыс. рублей,34315988.4,в источнике колонки 2019/2020/2021; взята первая (2019)
