region_std,2009,2010,2011,2012,2013,2014,2015,2016,2017,2018,2019,2020,2021,2022,2023,2024
алтайский край,30751.3,35962.3,47867.1,49446.7,48113.8,52607.7,43937.2,42033.4,48555.8,61918.3,65238.3,69327.9,70348.7,81448.5,103036.4,136516.0
амурская область,56097.1,72452.5,113020.2,104093.9,91503.3,68237.7,95422.3,120146.0,182239.2,239558.9,331129.9,334068.3,384301.9,448890.9,693567.2,886536.5
архангельская область,63282.8,73836.0,122139.6,149210.9,143411.9,138458.2,155877.2,154383.5,194847.4,173797.2,169615.9,174681.1,156044.0,163622.2,181409.7,201531.1
архангельская область без автономного округа,,,,,84028.8,60088.6,42011.3,69009.5,88537.2,83475.2,73656.4,85477.9,81678.1,82659.9,97802.6,92856.1
астраханская область,48479.6,42835.7,51094.8,64399.3,102058.2,96274.4,91581.1,97263.5,126025.3,93799.5,87344.0,94170.7,75883.3,74354.9,72499.5,92845.9
белгородская область,51397.8,65104.1,79420.9,86655.2,82790.2,74745.8,91646.6,89337.8,82846.9,76943.6,102160.1,104548.9,104972.3,129565.2,138932.8,166707.8
брянская область,19985.6,31983.4,37047.1,31436.2,46036.3,49783.4,43291.0,53207.1,39452.7,43625.0,49207.6,58801.6,67791.8,70934.8,79355.7,99789.4
в том числе ненецкий автономный округ,34841.6,38904.6,43133.4,58868.9,,,,,,,,,,,,
владимирская область,36553.1,31919.8,41765.6,44754.4,48438.7,53859.8,46808.4,43826.7,49811.7,48448.6,61362.9,66836.6,81964.1,153569.2,151846.4,110706.1
волгоградская область,52987.2,57884.7,82513.2,108125.5,107057.0,142972.1,149905.3,130953.3,144153.5,124477.7,128882.5,128574.4,129300.0,159759.5,225010.3,290278.7
вологодская область,48769.2,55384.0,108432.7,141549.6,64561.3,58887.3,68087.9,95622.0,111854.8,120129.2,164287.0,173765.6,166736.5,134234.9,134985.6,198641.7
воронежская область,61305.9,90430.4,114181.0,129661.4,146184.2,161718.5,177880.2,182574.4,180727.1,177099.6,196900.1,163586.3,184765.1,224067.1,245919.4,231100.4
дальневосточный федеральный округ,586096.9,675204.3,927545.3,872251.3,722303.6,719869.1,806972.7,903058.1,1040431.3,1304658.1,1487938.1,1440824.6,1784727.6,2306094.6,3189965.0,3746861.4
еврейская автономная область,6202.7,14822.4,21483.9,21088.2,11365.9,8720.4,10643.7,11544.8,9522.1,15205.1,14031.4,14205.9,14345.3,17540.7,27043.6,28749.0
забайкальский край,33928.3,34938.8,43551.8,60161.9,46118.7,64956.0,71800.0,81842.1,93617.9,82118.5,87588.0,118255.0,153141.6,178782.4,295556.0,273805.5
ивановская область,20387.5,18537.9,22910.4,17739.2,20906.1,18590.1,12660.5,11524.6,13651.4,13873.6,19319.7,23430.1,22681.3,30372.6,35836.2,36732.3
иркутская область,91244.3,100248.3,133996.7,152666.2,156532.1,167095.0,162852.6,198690.1,223846.5,264261.2,305979.5,333005.9,451955.8,779284.8,809267.3,904579.5
кабардино - балкарская республика,9762.7,9415.6,9661.7,12601.9,9706.7,11271.9,15413.3,14918.1,15714.8,16123.5,20034.7,23666.6,23608.5,26212.9,30664.0,34848.8
калининградская область,43549.9,39661.1,46449.3,49298.2,50581.6,47643.1,51610.2,72172.1,112075.8,120608.5,77066.6,76738.4,71033.9,102371.0,162938.1,184452.1
калужская область,49324.9,47260.1,48301.1,72625.5,71632.4,79957.5,69306.3,67639.5,73562.9,75439.3,90551.4,93598.6,111284.8,115139.1,110599.1,128216.2
камчатский край,22669.5,27762.4,26194.5,28732.6,24219.3,17792.1,16209.9,31190.1,32729.2,29619.4,37340.8,49029.6,66543.7,80108.9,120040.2,93941.3
карачаево - черкесская республика,6444.0,5649.6,9408.0,14339.9,15555.6,16934.5,13685.1,15792.7,12633.8,15728.6,17460.2,15507.1,21962.1,24587.8,21494.0,18933.3
кемеровская область,75771.5,93802.8,137175.7,176740.7,140350.8,164603.7,115932.4,111025.8,149498.8,182844.1,223665.6,214157.1,263493.1,298060.9,342761.2,372202.8
кировская область,23121.9,23235.3,26996.3,35187.1,39683.3,40060.6,39761.0,42565.0,40390.0,40468.7,54839.8,47862.1,52048.4,59211.6,80824.2,103955.1
костромская область,8773.2,9941.4,11510.5,14120.0,14519.3,19619.5,17820.9,17091.1,13564.3,14243.7,17265.0,18932.7,34509.2,29077.9,37197.4,35134.8
краснодарский край,260388.4,400190.1,507926.1,602256.0,717558.2,594880.1,457745.2,322582.4,391852.0,386846.4,328950.2,354920.4,394101.0,517539.6,649858.8,899408.4
красноярский край,209990.1,214680.7,251440.0,328853.6,327241.1,312158.7,356190.3,381779.0,375228.4,380076.6,380977.2,426691.8,529934.2,676473.3,846647.1,1020217.4
крымский федеральный округ,,,,,,14908.5,31621.4,,,,,,,,,
курганская область,25464.4,17245.8,21928.5,27224.9,21653.1,21529.9,18904.1,18704.5,13790.8,17335.5,29452.5,30205.9,34705.5,38258.5,54422.1,67144.8
курская область,30569.2,31469.7,49962.8,53361.4,54879.5,55382.0,55422.9,74799.9,78907.2,93200.3,109198.3,107200.7,151216.3,157824.0,182498.3,207354.0
ленинградская область,164180.2,231645.4,257914.4,269854.6,202589.4,149553.8,203249.9,242635.3,311592.9,440866.9,385751.2,334746.7,387349.9,503733.5,625414.1,1035606.9
липецкая область,62107.1,66681.6,74755.6,55396.4,52700.2,54139.4,61440.7,75751.1,86785.1,70501.8,102598.3,114026.1,120232.9,108206.7,127275.4,186890.3
магаданская область,8634.1,9707.3,15553.7,24334.6,33985.9,36745.9,56094.6,37364.4,40374.7,50713.8,32029.0,34885.4,53901.1,64748.9,79102.4,92882.1
москва,593434.6,543779.3,662559.8,831718.8,1002785.5,1009026.6,1048069.0,1284079.2,1424870.2,1839935.7,2516477.9,2736911.0,3558220.8,4478798.4,5476907.3,6426559.8
московская область,275510.2,263988.9,309406.1,372361.9,460405.7,503635.3,477630.8,455635.5,554588.5,782372.8,881126.6,873220.1,944324.3,1065535.1,1289880.3,1486746.0
мурманская область,38040.2,32513.6,53791.7,69711.2,66856.5,80361.8,96324.2,80377.9,107623.0,141261.7,161630.0,192151.4,252846.8,253102.2,262652.4,322727.4
ненецкий автономный округ,,,,,59383.2,78369.6,113865.8,85374.0,106310.2,90322.0,95959.5,89203.2,74365.9,80962.2,83607.1,108675.1
нижегородская область,135796.0,116549.0,146046.9,158533.8,175091.0,179471.2,154433.2,152239.0,160025.0,179866.8,206194.8,272418.1,265561.2,328044.5,459463.0,507929.1
новгородская область,26688.1,31040.9,28138.2,32016.6,39897.5,50276.7,59640.0,71104.2,62787.4,54434.6,41119.4,38593.1,36063.2,45882.3,62371.6,70921.0
новосибирская область,62624.0,67369.5,88985.6,105482.5,117284.3,115833.5,98047.8,89350.7,97145.0,113035.8,144748.6,157649.6,179990.0,184766.8,228488.9,353247.3
омская область,40494.9,51128.2,57401.7,73749.0,71924.9,73793.9,66833.5,62985.3,68198.9,82318.3,117882.9,151507.0,143801.8,149726.0,162669.6,176417.4
оренбургская область,69701.4,75823.5,87424.4,119190.8,118522.1,115266.4,134106.8,127518.2,135807.3,158017.1,158276.6,149336.7,149277.2,179488.0,223506.4,274916.2
орловская область,13203.1,12618.5,21742.0,23317.0,23727.9,23006.9,26849.1,22979.4,24416.7,29700.4,31476.4,35571.4,40000.1,41186.9,38750.9,46661.0
пензенская область,22599.2,20589.6,32486.1,46216.7,53535.0,47032.1,58960.9,33315.1,38675.0,49200.6,49214.7,52918.7,53842.1,60279.7,70137.6,80257.3
пермский край,103765.0,105132.3,120327.9,137909.7,183029.7,171304.7,186411.5,189599.3,188235.0,184590.9,221239.6,219554.1,242183.0,290202.5,385455.6,502516.5
приволжский федеральный округ,876720.1,926910.2,1140320.2,1349122.4,1564381.6,1623610.9,1677187.1,1598255.1,1587512.7,1671666.1,1813239.9,1887659.3,2073294.9,2565221.1,3453728.6,4103514.4
приморский край,130787.8,183845.9,256930.6,175834.5,90175.6,110753.2,104575.7,96310.9,98261.6,110424.4,130296.2,143360.5,188761.0,248571.1,342169.5,358873.9
псковская область,9752.6,11168.8,14696.5,18991.4,20101.4,20678.2,17925.3,15720.0,20543.4,19570.3,20630.2,25956.2,31626.3,26043.0,34762.3,55261.9
республика адыгея,9394.2,7904.8,13834.7,10858.0,11036.1,8813.1,7028.3,9472.1,10405.7,16423.5,30751.9,26300.6,18108.4,23683.0,31276.8,36509.7
республика алтай,4367.1,6485.3,10383.4,7066.7,7359.9,8455.5,6496.6,6891.5,7229.7,8492.5,14507.7,7590.2,8873.6,25025.4,42818.2,47871.6
республика башкортостан,89172.4,85465.6,103716.4,134191.9,152842.1,163790.6,185757.7,224833.1,179138.2,173938.8,212297.5,224694.2,247991.4,305608.1,369686.9,464855.4
республика бурятия,16782.0,22850.3,31784.4,32654.6,32722.6,31098.0,27204.6,27021.5,33182.6,39107.7,57513.1,57115.7,64361.8,95089.9,152541.2,149942.5
республика дагестан,20995.3,19962.1,22868.3,26568.1,33953.9,31854.6,20622.1,18732.3,23138.7,29744.8,36036.9,60806.3,49365.2,65707.4,80833.5,95497.4
республика ингушетия,5164.7,5004.7,3050.9,6025.6,9456.8,9349.5,13313.6,13157.2,9624.9,11785.5,15066.6,13634.2,12719.7,12704.3,14095.1,11723.6
республика калмыкия,4714.4,3781.4,5983.8,10055.2,11289.1,14719.7,11513.6,6147.5,7186.4,8840.6,12880.5,34632.4,14872.7,12399.6,9167.4,19047.2
республика карелия,15164.9,18147.3,25298.0,28837.5,27847.1,26903.9,26346.2,27580.3,34494.1,32340.4,34140.2,41595.6,57415.8,79676.4,75885.2,77329.8
республика коми,103087.9,103855.1,195184.5,221417.5,190149.3,192279.7,163875.4,194091.0,126913.3,125208.5,111754.2,126552.6,111166.5,103833.3,112503.5,137450.6
республика крым,,,,,,12266.3,26023.6,45761.2,117790.3,207166.3,144554.2,150302.7,104582.7,140778.3,185537.2,193491.8
республика марий эл,10044.8,14036.2,16909.1,18999.5,30603.6,31308.8,24671.8,15504.8,14056.6,16692.8,16326.5,22542.7,22230.7,25506.2,32317.5,34235.9
республика мордовия,25349.7,32491.3,37494.1,39107.2,35320.4,35850.5,42577.8,40429.5,46856.2,40336.1,41541.3,36655.8,41103.6,48555.5,61544.9,64714.4
республика саха (якутия),164663.1,103310.2,148015.1,176621.8,163489.6,158142.8,173040.9,251847.1,350791.6,369108.4,395135.5,229744.1,369231.8,603973.1,700319.8,752844.3
республика северная осетия - алания,10730.3,9719.5,13563.4,14831.1,20922.5,21557.4,14815.7,15446.3,16653.8,18825.2,21101.7,18780.3,23157.3,30522.0,28418.7,34120.5
республика татарстан,187576.6,213628.3,246983.3,278811.0,322327.6,340143.0,361969.9,341206.9,351567.0,370757.9,357826.8,396636.3,451166.6,597454.1,920576.3,1115936.2
республика тыва,3518.3,5331.2,6095.3,10426.3,11743.3,15638.6,9591.2,8310.0,7729.2,9538.6,14738.2,14527.3,12175.9,17246.1,22040.3,38777.6
республика хакасия,8182.5,14450.4,29278.8,31248.7,23970.4,30776.7,22401.1,20246.9,16835.5,25273.7,25859.5,27672.5,41098.3,41184.5,50932.7,61689.8
российская федерация,7930255.0,9151410.5,10776838.7,12568835.0,13255537.0,13557515.1,14555902.0,14639835.0,12256313.3,13618037.2,14752573.8,15441363.5,17690333.0,21829220.6,26803103.1,32127267.5
ростовская область,116026.8,107221.4,109116.0,147555.0,184876.3,189277.3,224567.2,212486.2,233619.0,172534.5,168040.5,219420.3,252980.4,265238.0,448442.5,542971.4
рязанская область,27250.3,28280.3,38333.7,53828.9,60384.4,44862.0,40188.8,37407.6,49858.2,47597.4,52523.3,45411.6,57250.4,67507.7,74626.7,100947.4
самарская область,86848.6,106029.2,133987.7,164477.0,226694.2,259753.7,254697.2,207665.4,211194.1,217439.5,239744.7,210019.8,264838.2,306624.2,360461.9,388357.6
санкт - петербург,260933.2,298063.0,269184.7,284921.3,323881.4,346519.0,368158.3,493075.5,498929.5,582078.9,498285.7,557137.8,678368.8,806758.6,1008194.6,1330695.3
саратовская область,46405.4,53889.8,72109.5,83317.8,89561.6,94233.0,97359.9,100437.1,89682.6,100888.7,112063.9,116919.4,123076.2,149916.4,229546.8,254194.1
сахалинская область,106262.9,120912.7,168436.4,159892.7,168643.9,195827.3,235479.6,233004.1,205857.6,223893.4,228758.5,214247.4,221067.7,237857.9,276934.0,324317.2
свердловская область,141384.0,158466.5,259418.8,267933.2,247647.9,255884.3,247196.9,231689.5,239872.6,243686.3,304315.0,301834.4,308775.7,405549.0,515572.6,739376.8
севастополь,,,,,,2642.1,5597.8,14851.8,25715.7,33222.6,33201.3,21237.2,32185.6,83036.8,82013.3,76577.0
северо - западный федеральный округ,773449.0,895315.2,1121229.7,1265808.9,1129877.5,1111561.5,1211094.6,1446761.7,1581661.6,1810296.1,1664280.4,1741918.5,1948651.6,2219257.3,2661117.0,3614617.8
северо - кавказский федеральный округ,,139738.4,157899.4,179065.0,198543.8,230157.6,200271.6,197144.8,190559.7,227651.7,268066.3,316747.5,315203.3,388634.7,450335.0,499803.7
сибирский федеральный округ,630357.1,699374.2,917680.9,1110753.0,1063785.7,1122369.0,1067547.6,1113668.9,1200577.2,1203986.2,1372498.6,1480291.2,1789879.2,2353226.7,2737025.2,3278581.8
смоленская область,22561.6,33179.4,35824.6,31070.7,32937.3,31431.9,33940.4,34994.8,34456.2,47616.7,44094.9,39392.9,45559.4,36224.5,54777.5,69449.0
ставропольский край,51846.0,59168.5,66365.1,71488.6,83496.4,103882.9,84878.3,79252.6,70095.1,84116.0,103200.0,131180.2,125364.6,144215.1,158144.9,158665.7
тамбовская область,24280.3,27464.9,30762.5,56778.1,64044.7,72228.0,71733.9,63728.2,69685.7,69509.6,55188.3,45457.0,48888.7,47861.5,59422.1,71460.2
тверская область,51479.2,60530.7,71804.6,58279.7,56881.2,54693.9,52849.1,69843.4,77726.8,81333.5,66233.0,62174.6,64778.8,64703.4,108251.7,157234.8
томская область,52702.7,52126.3,79720.3,82255.9,80423.7,85351.7,86260.3,83492.7,79508.9,76227.2,78901.2,78162.1,88208.0,100010.4,128363.5,167062.4
тульская область,46093.2,53538.1,57926.2,61502.8,57449.7,62593.4,69646.4,77807.7,96368.7,120985.7,139091.8,105499.1,130237.1,151148.0,166279.6,150210.6
тюменская область,870426.2,912540.5,1186343.7,1353217.8,1433369.1,1611187.8,1667719.3,2047727.9,2186609.5,2207819.6,2043412.5,2201825.4,2316649.0,2929550.1,3202751.7,3642427.4
тюменская область без автономных округов,,,,,178987.3,177395.7,176815.3,211610.4,257937.5,310064.4,262878.7,254727.9,179706.4,265857.9,260793.1,335579.2
удмуртская республика,26338.2,27270.2,44837.4,44932.9,60236.7,64681.5,54999.0,55949.7,51184.5,58804.6,62904.5,66364.5,70321.3,85961.9,100508.3,153728.4
ульяновская область,28785.4,26407.4,35354.3,46303.6,42080.2,48195.9,47747.2,35224.3,47273.3,45130.8,39389.6,37325.6,50244.1,56725.2,62449.4,81266.5
уральский федеральный округ,1141596.2,1196897.1,1601947.7,1794338.0,1870780.5,2071001.7,2096465.7,2442416.7,2585443.2,2663789.5,2610938.3,2782209.1,2906033.8,3662626.5,4121274.4,4887685.6
хабаровский край,77291.0,137737.0,168733.2,165101.0,128352.0,115424.3,102307.0,109491.9,108799.1,128419.3,147665.1,215542.0,219786.4,251370.7,417160.6,683286.3
ханты - мансийский автономный округ,436329.0,452713.2,605737.9,639029.6,674251.5,688960.5,726066.8,760372.4,877227.6,887312.2,914029.5,956925.5,1009502.6,1267047.9,1482873.1,1670541.2
центральный федеральный округ,1437209.1,1471730.4,1769549.5,2053355.5,2363952.5,2436405.8,2451510.7,2726141.3,3013379.9,3692678.4,4601007.3,4762154.7,5850528.5,7057370.2,8485852.0,9845072.7
челябинская область,104321.6,108644.3,134256.7,145962.1,168110.3,182399.6,162645.4,144294.8,145170.4,194948.1,233758.2,248343.4,245903.5,289268.9,348528.0,438736.6
чеченская республика,30063.3,30818.3,32982.0,33209.9,25451.8,35306.7,37543.7,39845.5,42698.7,51328.0,55166.3,53172.8,59026.0,84685.2,116684.8,146014.4
чувашская республика,21215.6,26362.5,35646.6,41943.5,34853.9,32518.8,33733.2,31767.6,33428.0,35532.8,41379.6,34411.3,39410.9,71643.2,97249.8,76651.6
чукотский автономный округ,13488.8,4653.7,9177.8,16551.9,10568.1,8225.6,13199.1,12158.7,11856.2,16489.3,26450.6,30370.8,49285.6,79159.9,85530.5,101682.8
южный федеральный округ,626996.7,619818.3,770468.6,943249.0,1133874.9,1046936.8,942340.7,839517.9,1056747.7,1043311.2,934605.0,1029558.6,1022014.0,1276789.5,1703805.9,2151130.1
ямало - ненецкий автономный округ,352879.3,365002.5,462721.9,569561.3,580130.4,744831.7,764837.2,1075745.1,1051444.4,1010443.0,866504.4,990172.0,1127439.9,1396644.4,1459085.5,1636307.0
ярославская область,42992.4,55021.7,61334.9,58747.8,67249.2,67131.8,54325.7,63913.3,62099.7,60251.0,66232.0,67555.1,81851.1,85648.3,107495.3,133172.5
